DEPTH:1,Rvsh,Rhsh
9720.0,3.8277614,0.8531951
9720.25,3.9059327,0.8708704
9720.5,3.970475,0.88472915
9720.75,4.016976,0.89437026
9721.0,4.04594,0.9002954
9721.25,4.061474,0.90360916
9721.5,4.0675874,0.9052162
9721.75,4.0669856,0.9061202
9722.0,4.0601707,0.9068239
9722.25,4.045739,0.9078293
9722.5,4.021986,0.9092368
9722.75,3.988012,0.91124797
9723.0,3.945618,0.9139625
9723.25,3.8990147,0.91687834
9723.5,3.8545165,0.9199947
9723.75,3.819339,0.92291
9724.0,3.8009982,0.9258239
9724.25,3.808715,0.92903817
9724.5,3.855518,0.9337568
9724.75,3.960549,0.94118434
9725.0,4.1489644,0.95282644
9725.25,4.4507294,0.9697858
9725.5,4.8951073,0.99196064
9725.75,5.49984,1.0181447
9726.0,6.252198,1.045526
9726.25,7.0881405,1.0707929
9726.5,7.8936157,1.0914409
9726.75,8.550364,1.1060703
9727.0,8.998251,1.1152864
9727.25,9.254216,1.1203952
9727.5,9.375683,1.1228995
9727.75,9.415271,1.124203
9728.0,9.398032,1.1252087
9728.25,9.317155,1.1269209
9728.5,9.139663,1.1301454
9728.75,8.822362,1.1360902
9729.0,8.3413,1.1458611
9729.25,7.722534,1.1599596
9729.5,7.042534,1.1784813
9729.75,6.3935013,1.2000146
9730.0,5.843787,1.2221453
9730.25,5.4224567,1.2424606
9730.5,5.1268044,1.2588513
9730.75,4.9368844,1.2707152
9731.0,4.8266406,1.2787579
9731.25,4.7717195,1.2846876
9731.5,4.7537794,1.2909167
9731.75,4.761697,1.2994546
9732.0,4.7904596,1.3126123
9732.25,4.837863,1.3315954
9732.5,4.901102,1.3562028
9732.75,4.975163,1.3850284
9733.0,5.0523314,1.4148587
9733.25,5.1257925,1.4420773
9733.5,5.1936398,1.4637715
9733.75,5.2625923,1.478333
9734.0,5.349383,1.4856615
9734.25,5.4798703,1.4864575
9734.5,5.684422,1.4817245
9734.75,5.9929023,1.4722645
9735.0,6.4256573,1.459483
9735.25,6.9829884,1.4449859
9735.5,7.631118,1.4307857
9735.75,8.29779,1.4184928
9736.0,8.887891,1.4096198
9736.25,9.320346,1.4046733
9736.5,9.557469,1.4043586
9736.75,9.604874,1.4089761
9737.0,9.491724,1.4192289
9737.25,9.256203,1.4352145
9737.5,8.943212,1.4564278
9737.75,8.601254,1.4806561
9738.0,8.273833,1.5045824
9738.25,7.988302,1.523484
9738.5,7.750676,1.5327388
9738.75,7.5481296,1.5284305
9739.0,7.358713,1.5084512
9739.25,7.1636863,1.4737055
9739.5,6.9573326,1.4283124
9739.75,6.7487745,1.3787005
9740.0,6.555452,1.3315988
9740.25,6.3941984,1.2921301
9740.5,6.274937,1.2624028
9740.75,6.200273,1.2424167
9741.0,6.1706085,1.2305651
9741.25,6.1905537,1.2244366
9741.5,6.2748394,1.222121
9741.75,6.451929,1.2224125
9742.0,6.762715,1.2245044
9742.25,7.256503,1.2280929
9742.5,7.9815025,1.2328737
9742.75,8.966574,1.2384434
9743.0,10.188569,1.2439997
9743.25,11.5347395,1.2490474
9743.5,12.79552,1.253195
9743.75,13.72577,1.2565577
9744.0,14.145396,1.2596486
9744.25,13.99747,1.2630719
9744.5,13.34463,1.2677301
9744.75,12.342919,1.2739134
9745.0,11.199498,1.2816128
9745.25,10.106387,1.2902129
9745.5,9.187458,1.2986021
9745.75,8.48982,1.305372
9746.0,8.005752,1.3091159
9746.25,7.6997776,1.3088319
9746.5,7.527196,1.3041208
9746.75,7.445215,1.2948833
9747.0,7.4177566,1.2820268
9747.25,7.415352,1.2670598
9747.5,7.4137487,1.25159
9747.75,7.389695,1.236724
9748.0,7.3214474,1.2224637
9748.25,7.1943674,1.208307
9748.5,7.0128675,1.1937519
9748.75,6.8085175,1.1791977
9749.0,6.6348357,1.1666507
9749.25,6.549749,1.1591215
9749.5,6.5970516,1.1589177
9749.75,6.7941866,1.1669432
9750.0,7.1256175,1.1815906
9750.25,7.5409336,1.1995485
9750.5,7.9647665,1.217003
9750.75,8.323556,1.2309461
9751.0,8.576114,1.2404747
9751.25,8.720632,1.2458909
9751.5,8.776656,1.248198
9751.75,8.759018,1.248199
9752.0,8.665009,1.2460952
9752.25,8.476793,1.2413845
9752.5,8.178838,1.2337663
9752.75,7.778555,1.2228403
9753.0,7.3153334,1.2091038
9753.25,6.8482046,1.1939616
9753.5,6.431587,1.1790179
9753.75,6.0982523,1.1661788
9754.0,5.8567195,1.1562476
9754.25,5.6979694,1.1494257
9754.5,5.604063,1.1453124
9754.75,5.555857,1.1433061
9755.0,5.538819,1.1429051
9755.25,5.5459347,1.1441102
9755.5,5.5786066,1.1473227
9755.75,5.645354,1.1534469
9756.0,5.758102,1.1636868
9756.25,5.9276752,1.1786447
9756.5,6.158082,1.1982198
9756.75,6.442508,1.2213082
9757.0,6.7645173,1.2455994
9757.25,7.1083746,1.2691866
9757.5,7.4758835,1.2910645
9757.75,7.900419,1.3118342
9758.0,8.44963,1.3338026
9758.25,9.213914,1.3595757
9758.5,10.285476,1.3908564
9758.75,11.717934,1.4284457
9759.0,13.441333,1.4715432
9759.25,15.1361685,1.5193639
9759.5,16.219555,1.5713373
9759.75,16.198305,1.6271895
9760.0,15.151592,1.686014
9760.25,13.638249,1.7453669
9760.5,12.187448,1.7999941
9760.75,11.057453,1.8429515
9761.0,10.301284,1.8669021
9761.25,9.884063,1.8661219
9761.5,9.749768,1.8383048
9761.75,9.844381,1.786365
9762.0,10.116786,1.7178406
9762.25,10.512261,1.6433823
9762.5,10.966867,1.5727386
9762.75,11.411853,1.5124416
9763.0,11.789187,1.4642031
9763.25,12.0688095,1.4259145
9763.5,12.252713,1.3933576
9763.75,12.364062,1.3626121
9764.0,12.430209,1.3316693
9764.25,12.472104,1.3008276
9764.5,12.500466,1.2721974
9764.75,12.517005,1.2479875
9765.0,12.512696,1.2296045
9765.25,12.459282,1.2167494
9765.5,12.290006,1.2082206
9765.75,11.881307,1.2020153
9766.0,11.074427,1.1956321
9766.25,9.791596,1.1867639
9766.5,8.176637,1.1734953
9766.75,6.5478435,1.1551034
9767.0,5.173614,1.1325793
9767.25,4.147853,1.1079254
9767.5,3.4391918,1.0843593
9767.75,2.975971,1.0641941
9768.0,2.6918452,1.049042
9768.25,2.5395095,1.0393066
9768.5,2.4915037,1.0345879
9768.75,2.538708,1.0341834
9769.0,2.689942,1.0374899
9769.25,2.9722648,1.0440035
9769.5,3.4321778,1.0530182
9769.75,4.1346264,1.0636266
9770.0,5.148963,1.0745187
9770.25,6.5032506,1.0842867
9770.5,8.101775,1.0921323
9770.75,9.680158,1.0974679
9771.0,10.929612,1.100813
9771.25,11.7147455,1.1026767
9771.5,12.114324,1.103559
9771.75,12.283099,1.104051
9772.0,12.339021,1.1044502
9772.25,12.338619,1.1051531
9772.5,12.28921,1.1069642
9772.75,12.160929,1.1111902
9773.0,11.89524,1.1199449
9773.25,11.426205,1.1362445
9773.5,10.723252,1.1634064
9773.75,9.832286,1.2042406
9774.0,8.870862,1.2599459
9774.25,7.9704723,1.3283048
9774.5,7.220815,1.4034855
9774.75,6.654361,1.4765468
9775.0,6.2617927,1.5383476
9775.25,6.013743,1.5833645
9775.5,5.876539,1.6104943
9775.75,5.8229184,1.6218488
9776.0,5.837953,1.6196382
9776.25,5.920536,1.6048666
9776.5,6.0802903,1.5772331
9776.75,6.3307447,1.5376406
9777.0,6.6790147,1.4893031
9777.25,7.115279,1.4377463
9777.5,7.605063,1.3895009
9777.75,8.090736,1.3494934
9778.0,8.509863,1.3209412
9778.25,8.819547,1.3046501
9778.5,9.011571,1.3011236
9778.75,9.104674,1.3108625
9779.0,9.127325,1.3349698
9779.25,9.104972,1.3746498
9779.5,9.056262,1.4296002
9779.75,8.995226,1.4970076
9780.0,8.933183,1.5702415
9780.25,8.87906,1.6406617
9780.5,8.838768,1.6995294
9780.75,8.815014,1.7420226
9781.0,8.809097,1.76794
9781.25,8.821727,1.7800936
9781.5,8.853595,1.7826035
9781.75,8.904408,1.778582
9782.0,8.970654,1.770442
9782.25,9.043616,1.7591869
9782.5,9.10846,1.7450197
9782.75,9.144139,1.72563
9783.0,9.125601,1.696701
9783.25,9.027688,1.6523062
9783.5,8.834164,1.5880268
9783.75,8.548037,1.5043662
9784.0,8.197068,1.4092569
9784.25,7.825755,1.3142495
9784.5,7.4776917,1.2301897
9784.75,7.1785355,1.1638072
9785.0,6.92578,1.1171111
9785.25,6.686454,1.089098
9785.5,6.4030285,1.077763
9785.75,6.0145717,1.0816023
9786.0,5.4957266,1.1000142
9786.25,4.8848767,1.1329973
9786.5,4.2666116,1.1797425
9786.75,3.7205033,1.2375338
9787.0,3.287946,1.3007433
9787.25,2.9735494,1.3617358
9787.5,2.7613785,1.4132802
9787.75,2.6293852,1.4512589
9788.0,2.5564227,1.4763763
9788.25,2.5265563,1.4923499
9788.5,2.5303638,1.5043037
9788.75,2.5651395,1.5166574
9789.0,2.6324873,1.5322237
9789.25,2.7328074,1.5508018
9789.5,2.8582835,1.5677714
9789.75,2.9852629,1.5745951
9790.0,3.07376,1.5607278
9790.25,3.084485,1.5199429
9790.5,3.0062165,1.4555571
9790.75,2.8681161,1.3790197
9791.0,2.719993,1.304693
9791.25,2.606947,1.2431217
9791.5,2.5602467,1.1992266
9791.75,2.604345,1.1736085
9792.0,2.7678065,1.1643577
9792.25,3.0953286,1.1683571
9792.5,3.6622784,1.1820873
9792.75,4.592729,1.2019246
9793.0,6.076099,1.2240407
9793.25,8.35232,1.2454097
9793.5,11.58144,1.2646148
9793.75,15.543981,1.2824726
9794.0,19.474947,1.3026426
9794.25,22.582603,1.3307955
9794.5,24.742567,1.3734667
9794.75,26.369646,1.4364586
9795.0,27.893305,1.5231643
9795.25,29.50816,1.632065
9795.5,31.159792,1.7549269
9795.75,32.575214,1.8766959
9796.0,33.271942,1.979018
9796.25,32.584126,2.0455558
9796.5,29.90772,2.066501
9796.75,25.316797,2.0384328
9797.0,19.89534,1.9638004
9797.25,14.980708,1.8527758
9797.5,11.246877,1.7224979
9797.75,8.68744,1.5926561
9798.0,7.0303907,1.4787358
9798.25,6.0039315,1.389089
9798.5,5.4124303,1.3248327
9798.75,5.1330156,1.2826581
9799.0,5.095134,1.2574465
9799.25,5.262003,1.2434742
9799.5,5.613879,1.2364228
9799.75,6.1304193,1.2329783
9800.0,6.7709317,1.2313347
9800.25,7.4633603,1.2311953
9800.5,8.117903,1.2327657
9800.75,8.670621,1.2375562
9801.0,9.123421,1.2480783
9801.25,9.544547,1.2681451
9801.5,10.035329,1.3016682
9801.75,10.694779,1.3526615
9802.0,11.596065,1.4226264
9802.25,12.764936,1.5096529
9802.5,14.153497,1.6064112
9802.75,15.623532,1.7015579
9803.0,16.97541,1.7833506
9803.25,18.035143,1.8442652
9803.5,18.736792,1.8835034
9803.75,19.125748,1.9060833
9804.0,19.293417,1.9191325
9804.25,19.313261,1.9294782
9804.5,19.214441,1.9434464
9804.75,18.98974,1.9665632
9805.0,18.620626,2.0042543
9805.25,18.107489,2.0603356
9805.5,17.489225,2.1355088
9805.75,16.839384,2.2259543
9806.0,16.242666,2.322623
9806.25,15.769414,2.4125552
9806.5,15.463737,2.4829895
9806.75,15.345373,2.5253875
9807.0,15.416127,2.5379398
9807.25,15.662275,2.524667
9807.5,16.046625,2.4931028
9807.75,16.486797,2.4518926
9808.0,16.821436,2.4085782
9808.25,16.783354,2.368198
9808.5,16.046032,2.3323777
9808.75,14.432474,2.29932
9809.0,12.165173,2.2655954
9809.25,9.780616,2.2283611
9809.5,7.7368097,2.1868894
9809.75,6.201826,2.14358
9810.0,5.13688,2.1024542
9810.25,4.4340315,2.067335
9810.5,3.9886506,2.0405395
9810.75,3.7192576,2.022272
9811.0,3.56592,2.0112312
9811.25,3.485743,2.00551
9811.5,3.4495633,2.0036032
9811.75,3.4409447,2.0054116
9812.0,3.4556763,2.0128446
9812.25,3.5024798,2.031024
9812.5,3.6039011,2.0691903
9812.75,3.7986264,2.1409028
9813.0,4.147188,2.265043
9813.25,4.7448955,2.4644082
9813.5,5.749094,2.7650068
9813.75,7.432082,3.1899288
9814.0,10.274422,3.7462776
9814.25,15.088906,4.403269
9814.5,23.04281,5.0773616
9814.75,35.048058,5.6573024
9815.0,49.856094,6.0652103
9815.25,62.604103,6.292319
9815.5,67.74353,6.370684
9815.75,63.11384,6.32393
9816.0,50.742146,6.1440167
9816.25,36.01839,5.806319
9816.5,23.866117,5.3107686
9816.75,15.71126,4.7124276
9817.0,10.735018,4.1042647
9817.25,7.784239,3.568415
9817.5,6.035705,3.145808
9817.75,4.999035,2.840791
9818.0,4.3992233,2.6383114
9818.25,4.0855374,2.5187902
9818.5,3.9818122,2.4656565
9818.75,4.0618887,2.4693687
9819.0,4.342003,2.5293236
9819.25,4.883892,2.6537542
9819.5,5.809322,2.8586257
9819.75,7.3301597,3.1648211
9820.0,9.789761,3.5930135
9820.25,13.676604,4.1520157
9820.5,19.470448,4.8210073
9820.75,27.095726,5.533389
9821.0,35.228127,6.184569
9821.25,41.78787,6.6739087
9821.5,45.708202,6.9447074
9821.75,47.417667,6.976858
9822.0,47.767754,6.755339
9822.25,47.30005,6.2709827
9822.5,46.23123,5.565961
9822.75,44.654396,4.7585106
9823.0,42.66154,3.9900582
9823.25,40.313095,3.3539221
9823.5,37.501823,2.8759239
9823.75,33.870827,2.5395124
9824.0,29.05282,2.3127592
9824.25,23.266466,2.1629088
9824.5,17.505766,2.0613742
9824.75,12.765012,1.9869047
9825.0,9.368123,1.9256194
9825.25,7.1185627,1.8716019
9825.5,5.6845036,1.8244698
9825.75,4.7893314,1.7856454
9826.0,4.2433286,1.7564442
9826.25,3.924927,1.7363716
9826.5,3.7581599,1.7233223
9826.75,3.6992307,1.7140837
9827.0,3.7298982,1.7053428
9827.25,3.8551762,1.6936833
9827.5,4.1008177,1.6763912
9827.75,4.510924,1.652159
9828.0,5.1431203,1.621184
9828.25,6.0510254,1.5851706
9828.5,7.2311287,1.5457263
9828.75,8.514865,1.5039659
9829.0,9.499238,1.4598117
9829.25,9.765628,1.4129858
9829.5,9.295094,1.364594
9829.75,8.45434,1.3172276
9830.0,7.607074,1.2744825
9830.25,6.9262733,1.2392619
9830.5,6.4408045,1.213071
9830.75,6.1127815,1.1956104
9831.0,5.8761606,1.1853776
9831.25,5.6489606,1.1807697
9831.5,5.3409805,1.1803854
9831.75,4.884674,1.1834246
9832.0,4.282446,1.189988
9832.25,3.6190817,1.2000707
9832.5,3.0040245,1.2132648
9832.75,2.5054238,1.2285618
9833.0,2.1379125,1.244052
9833.25,1.8845528,1.2581301
9833.5,1.7194881,1.2691892
9833.75,1.6183646,1.2764275
9834.0,1.5615389,1.2798461
9834.25,1.5342791,1.2788429
9834.5,1.5270635,1.2726153
9834.75,1.5348816,1.2593552
9835.0,1.5561297,1.2376559
9835.25,1.5906074,1.2073172
9835.5,1.6375129,1.1702476
9835.75,1.6944406,1.1304651
9836.0,1.7568803,1.0922894
9836.25,1.8203222,1.0586338
9836.5,1.8830624,1.0305037
9836.75,1.948107,1.00609
9837.0,2.0231738,0.983082
9837.25,2.1173828,0.95906854
9837.5,2.2372487,0.9334461
9837.75,2.3832724,0.9075212
9838.0,2.5486383,0.88370454
9838.25,2.722623,0.8644077
9838.5,2.8982112,0.851138
9838.75,3.0805135,0.8446986
9839.0,3.289274,0.84488803
9839.25,3.553857,0.8510005
9839.5,3.9026258,0.8618298
9839.75,4.3512144,0.8755665
9840.0,4.8873963,0.8902024
9840.25,5.45655,0.9036311
9840.5,5.9601617,0.9144516
9840.75,6.2801666,0.92196727
9841.0,6.319051,0.9262848
9841.25,6.0384326,0.9280082
9841.5,5.484912,0.92793924
9841.75,4.784367,0.9263712
9842.0,4.0837216,0.9239998
9842.25,3.484801,0.9211205
9842.5,3.0252872,0.9182334
9842.75,2.698066,0.91574067
9843.0,2.4773798,0.91374403
9843.25,2.3323593,0.9124462
9843.5,2.233742,0.91174865
9843.75,2.1554692,0.91165257
9844.0,2.0777986,0.91195834
9844.25,1.9907062,0.9126663
9844.5,1.8949949,0.9136763
9844.75,1.8001857,0.9147866
9845.0,1.7185055,0.9160971
9845.25,1.6611787,0.9173058
9845.5,1.6373262,0.9184121
9845.75,1.6552657,0.91971695
9846.0,1.7246186,0.9211195
9846.25,1.8579125,0.9229201
9846.5,2.0700805,0.92521846
9846.75,2.3747523,0.9278132
9847.0,2.7740324,0.93070364
9847.25,3.241564,0.9342936
9847.5,3.7120016,0.93908876
9847.75,4.0987535,0.9459985
9848.0,4.340185,0.95633125
9848.25,4.4272766,0.97099245
9848.5,4.387889,0.9900807
9848.75,4.256097,1.0125893
9849.0,4.05846,1.0362072
9849.25,3.8169258,1.0578182
9849.5,3.5543458,1.074207
9849.75,3.2959762,1.0834631
9850.0,3.0642648,1.0849831
9850.25,2.8746464,1.0799712
9850.5,2.7346382,1.0704359
9850.75,2.646444,1.0578843
9851.0,2.6105661,1.0426176
9851.25,2.6293085,1.0234299
9851.5,2.707883,0.9989151
9851.75,2.8538063,0.9680679
9852.0,3.0736935,0.9324949
9852.25,3.3667421,0.8956123
9852.5,3.716416,0.86133796
9852.75,4.08533,0.83298945
9853.0,4.4229765,0.81177485
9853.25,4.6865587,0.79749584
9853.5,4.861144,0.78884685
9853.75,4.9597616,0.7842205
9854.0,5.0078683,0.78200775
9854.25,5.028213,0.78100216
9854.5,5.0358305,0.7807005
9854.75,5.038335,0.7804993
9855.0,5.0391374,0.78049916
9855.25,5.0393376,0.7804992
9855.5,5.0394382,0.7804992
9855.75,5.039738,0.7804992
9856.0,5.040741,0.7807001
9856.25,5.0437465,0.78100145
9856.5,5.051464,0.78190506
9856.75,5.0696044,0.7840137
9857.0,5.1069865,0.78833055
9857.25,5.1762385,0.79636323
9857.5,5.2909904,0.8096163
9857.75,5.4612656,0.829396
9858.0,5.68626,0.855903
9858.25,5.9452295,0.8878324
9858.5,6.1909695,0.92267555
9858.75,6.3554316,0.95671976
9859.0,6.3754725,0.987156
9859.25,6.2296495,1.0124785
9859.5,5.9545417,1.0328857
9859.75,5.622609,1.0491779
9860.0,5.304106,1.0622547
9860.25,5.0449333,1.072817
9860.5,4.8657384,1.0814661
9860.75,4.772833,1.0891055
9861.0,4.7704268,1.0976442
9861.25,4.8688426,1.1095928
9861.5,5.0889277,1.12726
9861.75,5.461348,1.1526535
9862.0,6.0200787,1.1860728
9862.25,6.787568,1.2256079
9862.5,7.747985,1.2674427
9862.75,8.813734,1.3063582
9863.0,9.812836,1.3372416
9863.25,10.531822,1.357191
9863.5,10.800814,1.3648101
9863.75,10.557277,1.3601028
9864.0,9.863346,1.3434665
9864.25,8.886192,1.3166006
9864.5,7.8360777,1.2824054
9864.75,6.8846827,1.2451909
9865.0,6.1222034,1.2098744
9865.25,5.5683827,1.1802721
9865.5,5.205683,1.1585946
9865.75,5.0072465,1.145547
9866.0,4.9534283,1.1410297
9866.25,5.04062,1.1449425
9866.5,5.2843575,1.1570836
9866.75,5.7188134,1.1776516
9867.0,6.3906956,1.2058412
9867.25,7.3428936,1.2394391
9867.5,8.577213,1.27493
9867.75,9.987924,1.3078989
9868.0,11.2929,1.3351489
9868.25,12.057888,1.3552966
9868.5,11.912865,1.3692683
9868.75,10.8623495,1.3793725
9869.0,9.332775,1.3881979
9869.25,7.8439903,1.3974235
9869.5,6.707582,1.4075327
9869.75,6.01325,1.4180188
9870.0,5.7498693,1.4277779
9870.25,5.893486,1.4355046
9870.5,6.432474,1.4405973
9870.75,7.3370686,1.4427563
9871.0,8.473376,1.4420893
9871.25,9.502747,1.4379127
9871.5,9.925078,1.4289488
9871.75,9.415756,1.4127035
9872.0,8.149264,1.3870593
9872.25,6.63232,1.3516853
9872.5,5.279538,1.3088679
9872.75,4.249268,1.2632202
9873.0,3.5310872,1.2203672
9873.25,3.058647,1.184532
9873.5,2.7660027,1.1577278
9873.75,2.6041465,1.1400571
9874.0,2.5425107,1.1300153
9874.25,2.5667646,1.125996
9874.5,2.6768076,1.1260903
9874.75,2.8844655,1.1291925
9875.0,3.208881,1.1342971
9875.25,3.6679933,1.1404996
9875.5,4.2623034,1.1467944
9875.75,4.951824,1.1525818
9876.0,5.644852,1.1571636
9876.25,6.226936,1.1605461
9876.5,6.6198015,1.1631356
9876.75,6.8107224,1.1658372
9877.0,6.8251557,1.169754
9877.25,6.6889544,1.1760902
9877.5,6.4210625,1.1861504
9877.75,6.0496435,1.2006369
9878.0,5.6229005,1.2190437
9878.25,5.198964,1.2390579
9878.5,4.825139,1.2571605
9878.75,4.526279,1.2687293
9879.0,4.305392,1.2698469
9879.25,4.151653,1.2594085
9879.5,4.049228,1.2390221
9879.75,3.983886,1.2132096
9880.0,3.9471064,1.1873953
9880.25,3.9382885,1.1662002
9880.5,3.964647,1.1532402
9880.75,4.0399127,1.1504234
9881.0,4.182226,1.1587529
9881.25,4.4104285,1.178228
9881.5,4.738049,1.2076421
9881.75,5.1642876,1.2440826
9882.0,5.6606803,1.2833315
9882.25,6.1612825,1.3203704
9882.5,6.5627666,1.3513875
9882.75,6.74166,1.3750844
9883.0,6.5886216,1.3928735
9883.25,6.0645647,1.4081717
9883.5,5.257383,1.4246916
9883.75,4.3583984,1.445134
9884.0,3.5483112,1.470494
9884.25,2.9163153,1.4997612
9884.5,2.4703302,1.5308266
9884.75,2.1829946,1.5613806
9885.0,2.0240421,1.5907216
9885.25,1.973028,1.6202576
9885.5,2.0225353,1.6534045
9885.75,2.1794794,1.6935766
9886.0,2.4634032,1.7422805
9886.25,2.903571,1.7982078
9886.5,3.5261407,1.8563348
9886.75,4.322995,1.9103336
9887.0,5.212354,1.9542822
9887.25,6.0340652,1.9852756
9887.5,6.626872,2.0030224
9887.75,6.9150076,2.0089326
9888.0,6.903983,2.0042117
9888.25,6.6262703,1.988959
9888.5,6.1310797,1.9631708
9888.75,5.5091105,1.9280465
9889.0,4.8843336,1.8871982
9889.25,4.3672967,1.8457401
9889.5,4.023941,1.8078887
9889.75,3.881529,1.7761533
9890.0,3.9506834,1.7504337
9890.25,4.23892,1.7292219
9890.5,4.745739,1.7111118
9890.75,5.440471,1.6958038
9891.0,6.23292,1.6835036
9891.25,6.980671,1.674421
9891.5,7.558446,1.6684616
9891.75,7.93227,1.6649246
9892.0,8.155062,1.6628025
9892.25,8.3089,1.6613873
9892.5,8.460437,1.6600728
9892.75,8.646846,1.6584551
9893.0,8.873045,1.6564333
9893.25,9.102551,1.653909
9893.5,9.239254,1.6507878
9893.75,9.112072,1.6462741
9894.0,8.521471,1.6393759
9894.25,7.404808,1.6283894
9894.5,5.982072,1.6117947
9894.75,4.613654,1.5887678
9895.0,3.528362,1.5601996
9895.25,2.763076,1.5283992
9895.5,2.2601683,1.49568
9895.75,1.9489838,1.4634521
9896.0,1.7761042,1.4301115
9896.25,1.7090584,1.392144
9896.5,1.7326127,1.3456331
9896.75,1.8456652,1.2890718
9897.0,2.0572357,1.2253726
9897.25,2.3815544,1.1607631
9897.5,2.825036,1.1022745
9897.75,3.364428,1.0547297
9898.0,3.9217596,1.0197407
9898.25,4.372655,0.99651057
9898.5,4.6050677,0.98263514
9898.75,4.5876303,0.975102
9899.0,4.3800726,0.97149754
9899.25,4.0900326,0.9699066
9899.5,3.8225439,0.9693188
9899.75,3.650564,0.96912783
9900.0,3.613282,0.9690295
9900.25,3.7257302,0.969023
9900.5,3.982897,0.9691092
9900.75,4.3554187,0.96908814
9901.0,4.7816586,0.96916443
9901.25,5.1799364,0.96914184
9901.5,5.484309,0.9692253
9901.75,5.67543,0.9692143
9902.0,5.775652,0.96920884
9902.25,5.820249,0.9692064
9902.5,5.837287,0.96920514
9902.75,5.8425994,0.9692048
9903.0,5.8427987,0.9692049
9903.25,5.838489,0.9693056
9903.5,5.8261623,0.9694066
9903.75,5.796898,0.9696095
9904.0,5.7364645,0.9701152
9904.25,5.6275244,0.97102535
9904.5,5.4572487,0.9724414
9904.75,5.22674,0.9745638
9905.0,4.956644,0.97719055
9905.25,4.680234,0.9803202
9905.5,4.429982,0.9833482
9905.75,4.2273345,0.98607165
9906.0,4.079008,0.9881896
9906.25,3.9807904,0.9897019
9906.5,3.9219618,0.9906094
9906.75,3.890292,0.9911135
9907.0,3.8750582,0.99131525
9907.25,3.8685439,0.99151635
9907.5,3.866339,0.9916171
9907.75,3.8664386,0.9919182
9908.0,3.8687441,0.9926215
9908.25,3.8745568,0.9942281
9908.5,3.8867834,0.99764323
9908.75,3.9092329,1.0039706
9909.0,3.9461138,1.0143151
9909.25,4.000031,1.0295806
9909.5,4.070485,1.0494664
9909.75,4.1517634,1.0727669
9910.0,4.233042,1.0968711
9910.25,4.2977834,1.1188666
9910.5,4.3229375,1.1361431
9910.75,4.276234,1.1470951
9911.0,4.1177845,1.1511221
9911.25,3.8180234,1.1483262
9911.5,3.3897798,1.1388074
9911.75,2.900301,1.1233653
9912.0,2.4350758,1.1035019
9912.25,2.0507293,1.0815244
9912.5,1.7640979,1.0603449
9912.75,1.5667638,1.0422745
9913.0,1.4423902,1.0288209
9913.25,1.376846,1.0203863
9913.5,1.3615125,1.016972
9913.75,1.395788,1.018276
9914.0,1.487891,1.0239966
9914.25,1.6564621,1.0338315
9914.5,1.9333723,1.0472765
9914.75,2.3648226,1.0631237
9915.0,3.0069382,1.0794613
9915.25,3.8956978,1.0946801
9915.5,4.972271,1.1073768
9915.75,6.0052505,1.1172633
9916.0,6.674325,1.1251614
9916.25,6.8328733,1.1318828
9916.5,6.6033673,1.1383247
9916.75,6.2047877,1.1445751
9917.0,5.798893,1.1506255
9917.25,5.4631524,1.1558678
9917.5,5.2191124,1.1600001
9917.75,5.0598617,1.1631234
9918.0,4.9680595,1.1655394
9918.25,4.9253645,1.1681535
9918.5,4.9187503,1.1718707
9918.75,4.9415,1.1781979
9919.0,4.992411,1.1882404
9919.25,5.071886,1.2028015
9919.5,5.1779184,1.2218816
9919.75,5.302592,1.2440746
9920.0,5.4324784,1.2670712
9920.25,5.551339,1.2886616
9920.5,5.644744,1.3073406
9920.75,5.704274,1.3238117
9921.0,5.7265224,1.3408873
9921.25,5.711488,1.3628875
9921.5,5.6605744,1.3946335
9921.75,5.577287,1.4401431
9922.0,5.469146,1.5009233
9922.25,5.347072,1.5743614
9922.5,5.221391,1.6533245
9922.75,5.0963116,1.7266619
9923.0,4.9658203,1.7828226
9923.25,4.815286,1.8130677
9923.5,4.629677,1.8146852
9923.75,4.404882,1.7911918
9924.0,4.154232,1.7501211
9924.25,3.9039824,1.7009128
9924.5,3.6805923,1.6524067
9924.75,3.5015004,1.6109298
9925.0,3.3725173,1.579395
9925.25,3.2906377,1.5580031
9925.5,3.2502496,1.5447457
9925.75,3.2482457,1.5372115
9926.0,3.2879333,1.5325885
9926.25,3.381841,1.528967
9926.5,3.5507133,1.5248389
9926.75,3.8213105,1.5194999
9927.0,4.2209916,1.5127469
9927.25,4.766396,1.5048807
9927.5,5.4411845,1.496103
9927.75,6.165683,1.4863185
9928.0,6.78485,1.4743297
9928.25,7.1218934,1.4589411
9928.5,7.0903254,1.4389526
9928.75,6.755288,1.4150641
9929.0,6.27503,1.3898774
9929.25,5.7987795,1.3678046
9929.5,5.4151344,1.3525575
9929.75,5.153558,1.3461432
9930.0,5.006133,1.3480601
9930.25,4.9458,1.3555976
9930.5,4.9394855,1.3652413
9930.75,4.957725,1.3739799
9931.0,4.980374,1.3803066
9931.25,4.998013,1.3841232
9931.5,5.0092373,1.3858302
9931.75,5.016654,1.3858296
9932.0,5.02377,1.3843226
9932.25,5.0337925,1.3810071
9932.5,5.0492268,1.3754814
9932.75,5.0717764,1.3675442
9933.0,5.102545,1.3574975
9933.25,5.1430345,1.346445
9933.5,5.1982574,1.3356936
9933.75,5.2811413,1.3266481
9934.0,5.4174414,1.3204122
9934.25,5.6490526,1.3175864
9934.5,6.0357056,1.3181674
9934.75,6.656274,1.3218493
9935.0,7.6074724,1.328325
9935.25,8.98491,1.3370872
9935.5,10.805926,1.3485368
9935.75,12.805533,1.3641948
9936.0,14.181269,1.3880249
9936.25,13.911873,1.4263129
9936.5,11.948237,1.4872984
9936.75,9.383975,1.5797591
9937.0,7.166778,1.7108746
9937.25,5.5698476,1.8823375
9937.5,4.5110006,2.086618
9937.75,3.8400083,2.3037345
9938.0,3.4359062,2.5064714
9938.25,3.2192192,2.6743402
9938.5,3.1448479,2.8056366
9938.75,3.1957533,2.9178395
9939.0,3.3794525,3.0374687
9939.25,3.727011,3.1883292
9939.5,4.2937493,3.3850849
9939.75,5.155537,3.627931
9940.0,6.388942,3.8997874
9940.25,8.005695,4.165394
9940.5,9.829605,4.377448
9940.75,11.403773,4.4869533
9941.0,12.143208,4.4532595
9941.25,11.744136,4.254386
9941.5,10.428853,3.9042814
9941.75,8.737748,3.4614794
9942.0,7.144659,3.0071206
9942.25,5.8751802,2.6069872
9942.5,4.959479,2.2920191
9942.75,4.34223,2.0643268
9943.0,3.9533799,1.9108567
9943.25,3.7352042,1.814334
9943.5,3.649017,1.757884
9943.75,3.675276,1.7272444
9944.0,3.8114784,1.711466
9944.25,4.068344,1.7034152
9944.5,4.462714,1.6984706
9944.75,5.0050116,1.694924
9945.0,5.6808033,1.6918725
9945.25,6.430556,1.6893188
9945.5,7.1515474,1.6872691
9945.75,7.7382407,1.6859304
9946.0,8.137923,1.685104
9946.25,8.3672285,1.6846893
9946.5,8.479476,1.6843817
9946.75,8.527182,1.6843791
9947.0,8.54492,1.6842773
9947.25,8.551234,1.6843776
9947.5,8.55444,1.6844779
9947.75,8.559352,1.6848792
9948.0,8.571278,1.6859839
9948.25,8.598939,1.6883929
9948.5,8.656263,1.693613
9948.75,8.762299,1.7030497
9949.0,8.938386,1.7186099
9949.25,9.201765,1.7413979
9949.5,9.556645,1.7711117
9949.75,9.985191,1.8056437
9950.0,10.441695,1.841178
9950.25,10.853401,1.8728983
9950.5,11.125401,1.8962886
9950.75,11.145946,1.9075379
9951.0,10.799079,1.9035394
9951.25,10.015352,1.8814836
9951.5,8.855698,1.8396605
9951.75,7.528674,1.7793629
9952.0,6.277417,1.706304
9952.25,5.2535634,1.6295152
9952.5,4.4937916,1.5582366
9952.75,3.9678352,1.4986978
9953.0,3.6242795,1.4523077
9953.25,3.413216,1.416458
9953.5,3.2933536,1.3851233
9953.75,3.2327216,1.3508723
9954.0,3.20837,1.3072772
9954.25,3.2049658,1.2524302
9954.5,3.2130864,1.1895461
9954.75,3.2277226,1.1256572
9955.0,3.247169,1.0685987
9955.25,3.2727273,1.0240966
9955.5,3.3096108,0.9951643
9955.75,3.3664367,0.98240364
9956.0,3.453829,0.9855126
9956.25,3.58161,1.0032855
9956.5,3.7540889,1.033412
9956.75,3.9660542,1.0725764
9957.0,4.199767,1.115758
9957.25,4.428369,1.1571319
9957.5,4.624901,1.1916763
9957.75,4.775131,1.2169824
9958.0,4.884371,1.2336512
9958.25,4.9746704,1.2445953
9958.5,5.0771947,1.2540321
9958.75,5.223015,1.2667816
9959.0,5.432276,1.2883673
9959.25,5.6989627,1.3248165
9959.5,5.972062,1.3826617
9959.75,6.152354,1.468137
9960.0,6.1388187,1.5846633
9960.25,5.910807,1.730735
9960.5,5.551405,1.896402
9960.75,5.1771708,2.0633757
9961.0,4.8660765,2.209452
9961.25,4.643179,2.3183553
9961.5,4.4983563,2.3855665
9961.75,4.406251,2.4156075
9962.0,4.3378,2.415109
9962.25,4.266645,2.3877895
9962.5,4.174344,2.3349564
9962.75,4.053983,2.2593224
9963.0,3.9116743,2.1676166
9963.25,3.7641542,2.070387
9963.5,3.631767,1.9775758
9963.75,3.5331542,1.8949084
9964.0,3.4826467,1.8215806
9964.25,3.4908688,1.7518659
9964.5,3.5670407,1.6784306
9964.75,3.7184796,1.5969547
9965.0,3.9482915,1.5094475
9965.25,4.24956,1.4229403
9965.5,4.598835,1.3456722
9965.75,4.955425,1.2834718
9966.0,5.272226,1.2381498
9966.25,5.515966,1.2084022
9966.5,5.6828337,1.1913152
9966.75,5.795884,1.1838756
9967.0,5.891796,1.1837696
9967.25,6.008853,1.1903929
9967.5,6.1806307,1.2038441
9967.75,6.4305816,1.2246237
9968.0,6.765017,1.2528319
9968.25,7.1610894,1.2871647
9968.5,7.555558,1.3256159
9968.75,7.8485017,1.3660817
9969.0,7.940201,1.4072623
9969.25,7.7900677,1.4490594
9969.5,7.446809,1.491872
9969.75,7.014352,1.5350907
9970.0,6.592819,1.5765009
9970.25,6.242946,1.6131862
9970.5,5.985978,1.6422313
9970.75,5.816203,1.6626331
9971.0,5.7159805,1.6749941
9971.25,5.6655693,1.6810247
9971.5,5.6508365,1.6817285
9971.75,5.6666718,1.6770062
9972.0,5.7187877,1.6648484
9972.25,5.8224187,1.6420398
9972.5,5.998508,1.6056659
9972.75,6.267705,1.5555246
9973.0,6.641532,1.4955333
9973.25,7.1115723,1.4324225
9973.5,7.6379375,1.3740294
9973.75,8.142552,1.3258841
9974.0,8.513072,1.2906041
9974.25,8.615598,1.2682977
9974.5,8.3254595,1.2575659
9974.75,7.5946465,1.2566025
9975.0,6.5314035,1.2641963
9975.25,5.374149,1.2792292
9975.5,4.344075,1.3003824
9975.75,3.5438092,1.3255407
9976.0,2.9736495,1.3516908
9976.25,2.5901027,1.3756201
9976.5,2.3441591,1.3950212
9976.75,2.194228,1.4086914
9977.0,2.108538,1.4172347
9977.25,2.0634384,1.4219584
9977.5,2.042793,1.4244707
9977.75,2.0365791,1.4259782
9978.0,2.0414896,1.4278867
9978.25,2.0602307,1.4317026
9978.5,2.1020226,1.4401385
9978.75,2.1830003,1.4570098
9979.0,2.327818,1.4876399
9979.25,2.5725553,1.538857
9979.5,2.97133,1.6180918
9979.75,3.607327,1.7316682
9980.0,4.6085267,1.8825926
9980.25,6.1557293,2.0660326
9980.5,8.436951,2.2654037
9980.75,11.426835,2.4491642
9981.0,14.414916,2.5779772
9981.25,15.922841,2.6181738
9981.5,15.09552,2.559355
9981.75,12.784331,2.419555
9982.0,10.306876,2.2364683
9982.25,8.314993,2.0493362
9982.5,6.902586,1.8856776
9982.75,5.963422,1.7580549
9983.0,5.3670115,1.6676807
9983.25,5.006118,1.6090369
9983.5,4.80157,1.5747939
9983.75,4.6970396,1.5573212
9984.0,4.6558495,1.5514969
9984.25,4.6590557,1.5549122
9984.5,4.7037544,1.5683705
9984.75,4.8005657,1.5957885
9985.0,4.968133,1.6424898
9985.25,5.2271,1.7136965
9985.5,5.5910983,1.8121196
9985.75,6.054613,1.9350481
9986.0,6.5774603,2.0712326
9986.25,7.073545,2.2008893
9986.5,7.4212084,2.2997155
9986.75,7.5070944,2.3472252
9987.0,7.2879114,2.3353837
9987.25,6.8206854,2.271522
9987.5,6.2312903,2.1738145
9987.75,5.6482096,2.0644543
9988.0,5.157734,1.9622208
9988.25,4.798746,1.8788652
9988.5,4.579566,1.8191079
9988.75,4.4956827,1.7822465
9989.0,4.541685,1.7647651
9989.25,4.7140665,1.7623442
9989.5,5.0093164,1.770364
9989.75,5.415512,1.7852083
9990.0,5.9039884,1.8048695
9990.25,6.4290457,1.8294508
9990.5,6.944379,1.8627721
9990.75,7.4298487,1.9115647
9991.0,7.9074974,1.9854716
9991.25,8.427839,2.094534
9991.5,9.0396805,2.245681
9991.75,9.76066,2.4390118
9992.0,10.558007,2.6625757
9992.25,11.345933,2.8909605
9992.5,12.007779,3.0900207
9992.75,12.434916,3.2290242
9993.0,12.5557785,3.290494
9993.25,12.343211,3.2711186
9993.5,11.816655,3.1784308
9993.75,11.051476,3.0289998
9994.0,10.172045,2.847731
9994.25,9.312559,2.6627462
9994.5,8.572637,2.4974425
9994.75,7.998578,2.365178
9995.0,7.592186,2.2694695
9995.25,7.3286076,2.2065
9995.5,7.1727676,2.1688392
9995.75,7.089183,2.1486528
9996.0,7.0487947,2.1389112
9996.25,7.0313573,2.1346936
9996.5,7.0242405,2.1330862
9996.75,7.019932,2.1325848
9997.0,7.012216,2.1322837
9997.25,6.990668,2.1319833
9997.5,6.9338427,2.1313837
9997.75,6.803554,2.1303866
9998.0,6.5477905,2.1293964
9998.25,6.127864,2.1299222
9998.5,5.5598116,2.1352785
9998.75,4.927415,2.1509848
9999.0,4.3393164,2.182761
9999.25,3.874288,2.2336164
9999.5,3.564301,2.2976227
9999.75,3.4091551,2.3551908
10000.0,3.3954246,2.3747802
10000.25,3.5053694,2.3288667
10000.5,3.7171423,2.2159455
10000.75,4.001277,2.0644464
10001.0,4.3163805,1.9124436
10001.25,4.6120396,1.7869613
10001.5,4.839145,1.6993535
10001.75,4.964726,1.6502247
10002.0,4.9811625,1.6353569
10002.25,4.9044914,1.6490227
10002.5,4.767088,1.6848922
10002.75,4.607032,1.7362329
10003.0,4.4606047,1.7963122
10003.25,4.357975,1.8597033
10003.5,4.3237963,1.9253013
10003.75,4.3807178,1.9979254
10004.0,4.553394,2.0874193
10004.25,4.869986,2.2054336
10004.5,5.3596573,2.3606055
10004.75,6.0416512,2.5541396
10005.0,6.902938,2.7747867
10005.25,7.872164,2.999043
10005.5,8.816135,3.1975853
10005.75,9.587929,3.348121
10006.0,10.097248,3.4440246
10006.25,10.3220415,3.4907227
10006.5,10.242366,3.4941418
10006.75,9.77243,3.4501703
10007.0,8.797186,3.3419373
10007.25,7.3528094,3.1496515
10007.5,5.7377625,2.872292
10007.75,4.312136,2.5422838
10008.0,3.2489097,2.2134607
10008.25,2.5349505,1.9322329
10008.5,2.0889785,1.7221105
10008.75,1.8347248,1.5864128
10009.0,1.7193744,1.517107
10009.25,1.7091525,1.4991266
10009.5,1.7771021,1.5073597
10009.75,1.8844393,1.5020297
10010.0,1.9660227,1.439242
10010.25,1.9494936,1.3036315
10010.5,1.8158085,1.1259377
10010.75,1.6186832,0.9535717
10011.0,1.4259658,0.81465626
10011.25,1.2733345,0.7147141
10011.5,1.1663023,0.647919
10011.75,1.0971522,0.60553175
10012.0,1.0546598,0.57921547
10012.25,1.0284028,0.5618386
10012.5,1.0099629,0.548178
10012.75,0.99392813,0.53481877
10013.0,0.9772921,0.5206559
10013.25,0.9593535,0.5060911
10013.5,0.93991137,0.49222976
10013.75,0.9177632,0.48037755
10014.0,0.88980204,0.47093654
10014.25,0.8518186,0.46370608
10014.5,0.80100685,0.4580835
10014.75,0.7391708,0.4532653
10015.0,0.6727243,0.4487487
10015.25,0.6100865,0.4442318
10015.5,0.5573705,0.44011623
10015.75,0.5170817,0.43660265
10016.0,0.48891968,0.433892
10016.25,0.4707799,0.43198436
10016.5,0.4602567,0.43088007
10016.75,0.45494503,0.43017715
10017.0,0.45334148,0.42977548
10017.25,0.45484483,0.42927313
10017.5,0.45995623,0.42856967
10017.75,0.4700786,0.42746407
10018.0,0.48711622,0.42575538
10018.25,0.51257265,0.42364442
10018.5,0.5465476,0.42163348
10018.75,0.5856338,0.42052627
10019.0,0.6226154,0.42142832
10019.25,0.648873,0.4254449
10019.5,0.660398,0.4330787
10019.75,0.66260237,0.44473118
10020.0,0.66711134,0.45999974
10020.25,0.6857516,0.47828108
10020.5,0.72724193,0.49836934
10020.75,0.79609257,0.5189584
10021.0,0.8912013,0.5381394
10021.25,1.0016441,0.5538039
10021.5,1.1055727,0.5641446
10021.75,1.1759279,0.56795794
10022.0,1.1953708,0.56484264
10022.25,1.1665076,0.5559041
10022.5,1.1070775,0.54274815
10022.75,1.0381262,0.5278849
10023.0,0.97578925,0.5141265
10023.25,0.92948765,0.5038828
10023.5,0.9042322,0.4989621
10023.75,0.90262866,0.5009712
10024.0,0.9274828,0.51101506
10024.25,0.9818017,0.530299
10024.5,1.0690925,0.55872226
10024.75,1.1908593,0.5951798
10025.0,1.3424915,0.6364574
10025.25,1.510159,0.67753315
10025.5,1.6716132,0.7131849
10025.75,1.8065093,0.73999816
10026.0,1.9078319,0.75737077
10026.25,1.9849012,0.76761264
10026.5,2.0550554,0.7732342
10026.75,2.1339295,0.776645
10027.0,2.230442,0.77915096
10027.25,2.3443935,0.7813544
10027.5,2.4668632,0.7832562
10027.75,2.5824182,0.7843547
10028.0,2.6744213,0.7844499
10028.25,2.731547,0.78304034
10028.5,2.7512906,0.78052795
10028.75,2.7393649,0.777314
10029.0,2.7061915,0.774905
10029.25,2.6634977,0.7745058
10029.5,2.6212041,0.7773207
10029.75,2.5860262,0.78355074
10030.0,2.560269,0.79209083
10030.25,2.5422285,0.801233
10030.5,2.5263934,0.8088683
10030.75,2.5038435,0.8129881
10031.0,2.462853,0.8120865
10031.25,2.3908947,0.80465704
10031.5,2.2807524,0.79009753
10031.75,2.1363351,0.7687092
10032.0,1.9734774,0.74219865
10032.25,1.8134263,0.71367913
10032.5,1.6724166,0.68576115
10032.75,1.557264,0.66015226
10033.0,1.4655629,0.6364505
10033.25,1.3894964,0.6124465
10033.5,1.3195437,0.5859309
10033.75,1.24909,0.55559796
10034.0,1.1774337,0.52265346
10034.25,1.108283,0.4901107
10034.5,1.0472499,0.46128416
10034.75,0.99834317,0.43808234
10035.0,0.96276563,0.42120826
10035.25,0.93931454,0.41005927
10035.5,0.9254844,0.40332967
10035.75,0.91846913,0.3995129
10036.0,0.9159638,0.39740342
10036.25,0.91646487,0.39579618
10036.5,0.9192711,0.39428926
10036.75,0.9239816,0.39238042
10037.0,0.9301955,0.39006966
10037.25,0.9374116,0.3874575
10037.5,0.94472784,0.3849457
10037.75,0.95114195,0.38283592
10038.0,0.9559528,0.3814292
10038.25,0.9585585,0.38102722
10038.5,0.95865864,0.38203186
10038.75,0.9559526,0.38474423
10039.0,0.9502397,0.38966668
10039.25,0.9415201,0.39720118
10039.5,0.93029475,0.40724713
10039.75,0.91786665,0.41910118
10040.0,0.9054386,0.43155807
10040.25,0.89401275,0.4432112
10040.5,0.883489,0.45285535
10040.75,0.8722637,0.46008855
10041.0,0.8573306,0.46511203
10041.25,0.8348808,0.46893054
10041.5,0.8020082,0.47244823
10041.75,0.7592137,0.47636837
10042.0,0.71040577,0.48089147
10042.25,0.66169804,0.4859168
10042.5,0.6186027,0.49064052
10042.75,0.58402616,0.4941584
10043.0,0.5586703,0.49536526
10043.25,0.5410315,0.49335724
10043.5,0.5291054,0.48753154
10043.75,0.52048695,0.4780895
10044.0,0.51377285,0.46583456
10044.25,0.50786054,0.45237428
10044.5,0.50275,0.4395166
10044.75,0.49864155,0.4285674
10045.0,0.49563533,0.42033046
10045.25,0.49413234,0.41490608
10045.5,0.4947338,0.41169155
10045.75,0.4986425,0.41058636
10046.0,0.5077626,0.41098768
10046.25,0.5256018,0.4130962
10046.5,0.5565699,0.4170121
10046.75,0.6067803,0.42293596
10047.0,0.6829478,0.43066657
10047.25,0.79158705,0.43990213
10047.5,0.93450177,0.44943702
10047.75,1.1010686,0.45846844
10048.0,1.2594175,0.46629477
10048.25,1.3610415,0.47271812
10048.5,1.3689587,0.47814208
10048.75,1.2851735,0.48296863
10049.0,1.146768,0.4874968
10049.25,0.9963358,0.4914229
10049.5,0.86213964,0.49454445
10049.75,0.7556047,0.4963587
10050.0,0.6772316,0.4968654
10050.25,0.6226113,0.4959643
10050.5,0.5860307,0.49375647
10050.75,0.56117606,0.48953885
10051.0,0.5421345,0.4818051
10051.25,0.5235943,0.46864676
10051.5,0.50174725,0.4488588
10051.75,0.4750899,0.42274255
10052.0,0.44542608,0.39311057
10052.25,0.4158625,0.36377996
10052.5,0.3898064,0.33796507
10052.75,0.36906177,0.3176747
10053.0,0.35412967,0.3031099
10053.25,0.34430856,0.293467
10053.5,0.33849597,0.28784192
10053.75,0.33528915,0.28482854
10054.0,0.3336857,0.2833218
10054.25,0.3327837,0.28281963
10054.5,0.3319819,0.28281963
10054.75,0.3309797,0.28302062
10055.0,0.32947642,0.28362346
10055.25,0.32737166,0.28442714
10055.5,0.32466567,0.28543186
10055.75,0.32175916,0.28663743
10056.0,0.3190531,0.28794348
10056.25,0.31704855,0.28934997
10056.5,0.31644723,0.2910577
10056.75,0.31825104,0.2935689
10057.0,0.3240636,0.2979885
10057.25,0.3360898,0.30562222
10057.5,0.35763654,0.31847894
10057.75,0.39311373,0.33846718
10058.0,0.44813347,0.36689222
10058.25,0.52870905,0.40445703
10058.5,0.6390501,0.44965464
10058.75,0.77464646,0.49856758
10059.0,0.915254,0.5455716
10059.25,1.0276998,0.58594733
10059.5,1.0879309,0.61748606
10059.75,1.0987535,0.64099157
10060.0,1.0809132,0.6580696
10060.25,1.0541536,0.6705272
10060.5,1.03,0.67896664
10060.75,1.0122602,0.68378925
10061.0,1.0002339,0.6846942
10061.25,0.9917154,0.680576
10061.5,0.9832974,0.66892403
10061.75,0.97207373,0.64712626
10062.0,0.9557397,0.61357594
10062.25,0.9334929,0.5699806
10062.5,0.90653604,0.5215638
10062.75,0.87777513,0.47495526
10063.0,0.8506176,0.4351775
10063.25,0.8277688,0.40444016
10063.5,0.81053185,0.38304466
10063.75,0.79870665,0.3694842
10064.0,0.7913909,0.362252
10064.25,0.7869813,0.3598414
10064.5,0.784175,0.3608461
10064.75,0.7820701,0.3646633
10065.0,0.7800654,0.37059027
10065.25,0.7779604,0.3777225
10065.5,0.7759556,0.38515615
10065.75,0.77415127,0.39198703
10066.0,0.7724471,0.39741158
10066.25,0.77034223,0.40122896
10066.5,0.76653385,0.4034391
10066.75,0.7586163,0.40404224
10067.0,0.7427814,0.40333998
10067.25,0.71512055,0.40113157
10067.5,0.6736292,0.3973167
10067.75,0.6209132,0.39169437
10068.0,0.56368744,0.38486677
10068.25,0.5100696,0.37743628
10068.5,0.46567202,0.37050754
10068.75,0.43279976,0.36488402
10069.0,0.41115224,0.36126888
10069.25,0.39912575,0.35976285
10069.5,0.39451554,0.36006445
10069.75,0.39481616,0.36157125
10070.0,0.39782274,0.3636806
10070.25,0.40173113,0.36589032
10070.5,0.4053391,0.36769825
10070.75,0.40814528,0.36890352
10071.0,0.40994915,0.36960655
10071.25,0.41115183,0.36980736
10071.5,0.41205376,0.36940557
10071.75,0.41315633,0.36840093
10072.0,0.4145595,0.3665927
10072.25,0.41666427,0.36408132
10072.5,0.41927013,0.36086673
10072.75,0.42227697,0.35735065
10073.0,0.4252839,0.3538347
10073.25,0.42788965,0.3507204
10073.5,0.43009472,0.34840995
10073.75,0.43159813,0.34680253
10074.0,0.4325002,0.3457979
10074.25,0.4329011,0.3452956
10074.5,0.43300134,0.34519523
10074.75,0.43270054,0.3454966
10075.0,0.4319991,0.3461998
10075.25,0.430696,0.34760618
10075.5,0.42849112,0.34991682
10075.75,0.42548436,0.3532319
10076.0,0.4215755,0.357652
10076.25,0.41746598,0.36287582
10076.5,0.41385782,0.36840093
10076.75,0.41165262,0.37422734
10077.0,0.41175255,0.3802545
10077.25,0.41525987,0.387286
10077.5,0.42317683,0.39622587
10077.75,0.43630517,0.4080786
10078.0,0.45484525,0.42304498
10078.25,0.47829598,0.44062293
10078.5,0.5051542,0.45920527
10078.75,0.53331536,0.47628057
10079.0,0.5608754,0.4895389
10079.25,0.5869325,0.49807596
10079.5,0.6113861,0.5017913
10079.75,0.63433677,0.50209135
10080.0,0.65518296,0.5004829
10080.25,0.6726213,0.49817145
10080.5,0.68494874,0.4956594
10080.75,0.69016045,0.49294698
10081.0,0.6865526,0.48943138
10081.25,0.6721212,0.48430902
10081.5,0.6463646,0.47667605
10081.75,0.61088693,0.46633136
10082.0,0.5698973,0.45367658
10082.25,0.52910817,0.44011784
10082.5,0.49332982,0.42726183
10082.75,0.46506816,0.41641456
10083.0,0.44472373,0.40827906
10083.25,0.43149483,0.4026544
10083.5,0.42357755,0.3993399
10083.75,0.4193684,0.39753193
10084.0,0.41736394,0.39662802
10084.25,0.41656223,0.39622617
10084.5,0.41636184,0.39602536
10084.75,0.4168629,0.39582443
10085.0,0.418266,0.39552295
10085.25,0.42157346,0.39471918
10085.5,0.42858896,0.3930111
10085.75,0.44171813,0.3899967
10086.0,0.46436822,0.38517374
10086.25,0.50024784,0.37834084
10086.5,0.5535659,0.36989987
10086.75,0.62722886,0.36085486
10087.0,0.7206354,0.3521102
10087.25,0.8267699,0.34467077
10087.5,0.9313008,0.33903944
10087.75,1.0172906,0.33521748
10088.0,1.0741162,0.3329038
10088.25,1.1001736,0.33169687
10088.5,1.0987704,0.33119464
10088.75,1.0729135,0.3311962
10089.0,1.0249078,0.3313998
10089.25,0.9598642,0.33190566
10089.5,0.8862016,0.33251262
10089.75,0.8144433,0.33321983
10090.0,0.75240636,0.3339265
10090.25,0.70409995,0.3345319
10090.5,0.66992444,0.33503616
10090.75,0.6478757,0.33533877
10091.0,0.6351477,0.33554035
10091.25,0.6293349,0.33544016
10091.5,0.62853307,0.33503842
10091.75,0.6317402,0.3343351
10092.0,0.6390565,0.33302873
10092.25,0.6503815,0.3313204
10092.5,0.66561526,0.32910967
10092.75,0.68355495,0.32659727
10093.0,0.7024969,0.32408494
10093.25,0.72003573,0.3219744
10093.5,0.7343673,0.32026595
10093.75,0.7445899,0.31916046
10094.0,0.7510042,0.31845683
10094.25,0.7546122,0.3180548
10094.5,0.75661665,0.31795424
10094.75,0.75822014,0.31805462
10095.0,0.7607258,0.31855673
10095.25,0.7660373,0.31966138
10095.5,0.77686113,0.32197118
10095.75,0.7971054,0.32628953
10096.0,0.8315811,0.33352017
10096.25,0.8855997,0.34436613
10096.5,0.9633705,0.3589273
10096.75,1.0660962,0.37660128
10097.0,1.1878637,0.39537913
10097.25,1.3107338,0.41244918
10097.5,1.4052415,0.4242972
10097.75,1.4402183,0.4286148
10098.0,1.4011325,0.424398
10098.25,1.2997094,0.41265064
10098.5,1.1656145,0.39618397
10098.75,1.0282123,0.37841153
10099.0,0.90584344,0.362346
10099.25,0.80572325,0.3499959
10099.5,0.7277516,0.3418637
10099.75,0.66902226,0.3376479
10100.0,0.6263282,0.3364449
10100.25,0.5963621,0.33694887
10100.5,0.57671875,0.3381554
10100.75,0.56529355,0.33936155
10101.0,0.560583,0.3402658
10101.25,0.56278783,0.34106928
10101.5,0.5733109,0.3417719
10101.75,0.59596086,0.34287566
10102.0,0.6366505,0.3444805
10102.25,0.7038987,0.34668678
10102.5,0.8091308,0.34959394
10102.75,0.9652749,0.35300052
10103.0,1.1814516,0.3565042
10103.25,1.4433291,0.3599049
10103.5,1.6829574,0.3633067
10103.75,1.7820759,0.3667165
10104.0,1.6746386,0.37074065
10104.25,1.4306,0.3755762
10104.5,1.1684215,0.38141727
10104.75,0.9546496,0.38785827
10105.0,0.80281436,0.39409488
10105.25,0.7046977,0.39892226
10105.5,0.6487742,0.4010349
10105.75,0.6269261,0.39942884
10106.0,0.63474375,0.3936022
10106.25,0.6717258,0.38365525
10106.5,0.73987675,0.3707934
10106.75,0.8417022,0.3568247
10107.0,0.9758989,0.3436578
10107.25,1.1313424,0.33269972
10107.5,1.2813739,0.32455456
10107.75,1.3876083,0.3194254
10108.0,1.4152696,0.3168121
10108.25,1.3523309,0.31651428
10108.5,1.2175333,0.31802866
10108.75,1.0507653,0.32105166
10109.0,0.8911128,0.3253802
10109.25,0.7608252,0.33061105
10109.5,0.6655146,0.33584
10109.75,0.6015734,0.34066534
