DEPTH,Rv,Rh,Csh_pred,Rss_pred,fun,nfev,jac_norm,Rv_sim,Rh_sim
5091.34186352,10.0,1.0,1.0,0.2913,1.0415640594797806e-05,39,4.327664366318329,10.0,1.0
5091.59186352,10.0,1.0,1.0,0.2913,1.0415640594797806e-05,39,4.243977504233459,10.0,1.0
5091.84186352,10.0,1.0,1.0,0.2913,1.0415640594797806e-05,39,4.163465848692308,10.0,1.0
5092.09186352,10.0,1.0,1.0,0.2913,1.0415640594797806e-05,39,4.09129916306557,10.0,1.0
5092.34186352,10.0,1.0,1.0,0.2913,1.0415640594797806e-05,39,4.0815333923608295,10.0,1.0
5092.59186352,10.0,1.0,1.0,0.2913,1.0415640594797806e-05,39,4.071814131553295,10.0,1.0
5092.84186352,10.0,1.0,1.0,5.499990161301616,5.5901602637504575e-05,6,1.4505539713549624,10.0,1.0
5093.09186352,10.0,1.0,1.0,0.2913,1.0415640594797806e-05,39,4.148325244498864,10.0,1.0
5093.34186352,10.0,1.0,1.0,0.2913,1.0415640594797806e-05,39,4.230629121941167,10.0,1.0
5093.59186352,10.0,1.0,1.0,0.2913,1.0415640594797806e-05,39,4.307400848079693,10.0,1.0
5093.84186352,10.0,1.0,1.0,0.2913,1.0415640594797806e-05,39,4.284694223738413,10.0,1.0
5094.09186352,10.0,1.0,1.0,0.2913,1.0415640594797806e-05,39,4.262225741534051,10.0,1.0
5094.34186352,10.0,1.0,1.0,0.29130000000000056,1.041564059479781e-05,39,4.237220229747243,10.0,1.0
5094.59186352,10.0,1.0,1.0,0.2913,1.0415640594797806e-05,39,4.181484039470234,10.0,1.0
5094.84186352,10.0,1.0,1.0,0.2913,1.0415640594797806e-05,39,4.127195111012326,10.0,1.0
5095.09186352,10.0,1.0,1.0,0.2913,1.0415640594797806e-05,39,4.083789067119218,10.0,1.0
5095.34186352,10.0,1.0,1.0,0.2913,1.0415640594797806e-05,39,4.1505247771472265,10.0,1.0
5095.59186352,10.0,1.0,1.0,0.2913,1.0415640594797806e-05,39,4.219477855556738,10.0,1.0
5095.84186352,10.0,1.0,1.0,0.29130000000000056,1.041564059479781e-05,39,4.279686208147977,10.0,1.0
5096.09186352,10.0,1.0,1.0,0.2913,1.0415640594797806e-05,39,4.21561880211018,10.0,1.0
5096.34186352,10.0,1.0,1.0,0.29130000000000056,1.041564059479781e-05,39,4.153441293064056,10.0,1.0
5096.59186352,10.0,1.0,1.0,0.29130000000000056,1.041564059479781e-05,39,4.099778580651486,10.0,1.0
5096.84186352,10.0,1.0,1.0,0.2913,1.0415640594797806e-05,39,4.123648740827675,10.0,1.0
5097.09186352,10.0,1.0,1.0,0.2913,1.0415640594797806e-05,39,4.147798487259729,10.0,1.0
5097.34186352,10.0,1.0,1.0,0.29130000000000056,1.041564059479781e-05,39,4.171938613756197,10.0,1.0
5097.59186352,10.0,1.0,1.0,0.29130000000000056,1.041564059479781e-05,39,4.192966723616884,10.0,1.0
5097.84186352,10.0,1.0,1.0,0.2913,1.0415640594797806e-05,39,4.214207885316769,10.0,1.0
5098.09186352,10.0,1.0,1.0,0.2913,1.0415640594797806e-05,39,4.23485728645777,10.0,1.0
5098.34186352,10.0,1.0,1.0,0.2913,1.0415640594797806e-05,39,4.246415557006853,10.0,1.0
5098.59186352,10.0,1.0,1.0,0.29130000000000056,1.041564059479781e-05,39,4.258037092465251,10.0,1.0
5098.84186352,10.0,1.0,1.0,0.2913,1.0415640594797806e-05,39,4.2640608614838245,10.0,1.0
5099.09186352,10.0,1.0,1.0,0.2913,1.0415640594797806e-05,39,4.206334357050457,10.0,1.0
5099.34186352,10.0,1.0,1.0,0.29130000000000056,1.041564059479781e-05,39,4.150149965464837,10.0,1.0
5099.59186352,10.0,1.0,1.0,0.2913,1.0415640594797806e-05,39,4.101940290957226,10.0,1.0
5099.84186352,10.0,1.0,1.0,0.2913,1.0415640594797806e-05,39,4.128717705608649,10.0,1.0
5100.09186352,10.0,1.0,1.0,0.2913,1.0415640594797806e-05,39,4.155847021898386,10.0,1.0
5100.34186352,10.0,1.0,1.0,0.2913,1.0415640594797806e-05,39,4.187287044467688,10.0,1.0
5100.59186352,10.0,1.0,1.0,0.2913,1.0415640594797806e-05,39,4.265560979310702,10.0,1.0
5100.84186352,9.89485285,1.00648727,0.988478782307629,5.451739246155984,0.010191020889710838,21,0.0020134911603875553,9.947598497733296,1.0094972565187603
5101.09186352,9.49019562,1.03145342,0.9368067311793233,1.9325613398623391,2.221129406421012e-05,138,0.7188968276794332,9.490192180055601,1.0314531725080647
5101.34186352,9.19068554,1.0499323,0.9000002899706929,1.9068629680204288,2.1676245449450777e-05,135,1.2953559027337878,9.190688643574596,1.049932378355637
5101.59186352,9.19068554,1.0499323,0.9000004051813559,1.9068571682171276,2.178412011460588e-05,144,1.72995672665968,9.190688996012298,1.049932142124177
5101.84186352,9.19068554,1.0499323,0.9000001975298623,1.9068484675622677,2.1632212238730333e-05,153,1.3203543257788928,9.190686445395334,1.049931987208304
5102.09186352,9.19068554,1.0499323,0.9000002942413124,1.9068730174300825,2.210262571832756e-05,132,0.6706278342824771,9.190689683075313,1.0499326807804905
5102.34186352,9.19068554,1.0499323,0.899999787275711,1.9068675397774904,2.1903232792340167e-05,129,1.0542611720939206,9.190685032371901,1.0499327804986323
5102.59186352,9.19068554,1.0499323,0.8999998846345807,1.9068631396879507,2.159068602424544e-05,147,0.9654761268714427,9.190685380300668,1.0499325960606907
5102.84186352,9.19068554,1.0499323,0.9000000070572066,1.9068644192164308,2.1579399433307805e-05,129,0.2100357929417911,9.190686499036572,1.0499325706708693
5103.09186352,9.19068554,1.0499323,0.9000000028763118,1.906843915002011,2.1709603044580477e-05,126,0.3184038997269756,9.19068441477864,1.0499319512345162
5103.34186352,9.19068554,1.0499323,0.9000002362551721,1.9068454815048805,2.1813205866977307e-05,141,1.231249667634589,9.190686460200101,1.0499318763774474
5103.59186352,9.19068554,1.0499323,0.9000003102221036,1.9068522094524698,2.1680040339460595e-05,147,1.6865989858393438,9.19068773161858,1.0499320415723572
5103.84186352,9.19068554,1.0499323,0.9000001239537778,1.906847251786415,2.1596075888413224e-05,150,0.9818699778442699,9.190685728355499,1.0499319889218104
5104.09186352,9.19068554,1.0499323,0.9000002182511616,1.9068648651583495,2.1662687602371756e-05,138,0.913914560963944,9.190688252851979,1.0499324734701758
5104.34186352,9.19068554,1.0499323,0.9000004129625343,1.9068473714816192,2.1973280414483708e-05,150,1.5359962348383664,9.190688079316981,1.0499318410370668
5104.59186352,9.19068554,1.0499323,0.900000154246215,1.9068469540501696,2.1643726349798524e-05,147,1.0795164588237929,9.190685943743242,1.0499319640143763
5104.84186352,9.19068554,1.0499323,0.9000001587768629,1.9068467287918347,2.1662979625013216e-05,147,1.0877596754131893,9.190685957884671,1.0499319548099566
5105.09186352,9.19068554,1.0499323,0.9000003580060288,1.9068513600134303,2.1788433421151957e-05,138,1.693649956054318,9.190688033397349,1.049931990768953
5105.34186352,9.19068554,1.0499323,0.9000001453931191,1.9068700137350234,2.1887744397872925e-05,126,0.3279333376143681,9.190688178058913,1.0499326677542096
5105.59186352,9.19068554,1.0499323,0.9000002457509964,1.9068475564825522,2.1750460666592553e-05,141,1.3992593906012791,9.190686744548533,1.049931934306848
5105.84186352,9.19068554,1.0499323,0.9000002967329703,1.9068562355367877,2.1619731212734656e-05,153,1.8123688335115244,9.190688025056266,1.0499321707028717
5106.09186352,9.19068554,1.0499323,0.8999997969929701,1.9068387635872464,2.202934792748471e-05,129,0.42974117111177407,9.1906822333901,1.0499319029909115
5106.34186352,9.07724373,1.05383154,0.8871051418622392,1.8263867103433975,2.086934499041359e-05,135,1.2232668042774755,9.0772410871913,1.053831427194295
5106.59186352,8.64066464,1.06883771,0.8371262088922441,1.654057939728941,1.9147960190167713e-05,147,0.6823687121862425,8.640664776277978,1.0688380594189977
5106.84186352,8.31752736,1.07994464,0.8000002506044291,1.5876377433622693,1.8306579948825207e-05,144,1.9928796062840712,8.317529656847695,1.0799446123558223
5107.09186352,8.31752736,1.07994464,0.800000361697044,1.587637286258875,1.8542125655216622e-05,147,2.105212668246673,8.317530499978503,1.079944522099101
5107.34186352,8.31752736,1.07994464,0.7999996489782166,1.5876357659463785,1.85086958897881e-05,144,2.006696904564421,8.31752420026618,1.0799446890745314
5107.59186352,8.31752736,1.07994464,0.8000001621637779,1.587639975901436,1.8366099785415404e-05,150,1.0108155708360562,8.31752935936037,1.0799448571328953
5107.84186352,8.31752736,1.07994464,0.8000001853760094,1.5876410678504098,1.853153255110815e-05,144,0.8504612701092593,8.31752977301961,1.0799449481613386
5108.09186352,8.31752736,1.07994464,0.8000002785443873,1.5876384076796413,1.8392311059033365e-05,153,1.8904647136573205,8.317530024752033,1.0799446617706308
5108.34186352,8.2119951,1.08758905,0.7869460521806989,1.6077258542575552,1.845372220810298e-05,141,2.1536467262761403,8.211992862067719,1.0875891187273588
5108.59186352,7.80585577,1.11700844,0.7368688454570321,1.6613975129668344,1.8747947273670605e-05,129,2.341688647746614,7.8058539003121,1.1170086019687488
5108.84186352,7.5052487,1.13878343,0.6999999467877133,1.6841646272130448,1.885909877624606e-05,141,0.7052955343309811,7.505248945659297,1.1387837681315665
5109.09186352,7.5052487,1.13878343,0.7000001580838635,1.6841598452024749,1.9049012642107234e-05,135,1.4621859610383765,7.505249268160883,1.1387830009049709
5109.34186352,7.5052487,1.13878343,0.7000002347181947,1.6841629713718775,1.8853597308390737e-05,138,2.4770183756809256,7.505250843289819,1.1387833893264265
5109.59186352,7.5052487,1.13878343,0.7000001902350997,1.6841628147743124,1.8731363576381916e-05,147,2.4712627452437386,7.50525042639641,1.1387833912814687
5109.84186352,7.5052487,1.13878343,0.7000001738608118,1.6841598968749163,1.9057785768068106e-05,138,1.553452958309743,7.505249414861186,1.1387829996810106
5110.09186352,7.5052487,1.13878343,0.7000002342293135,1.6841631357630868,1.8848391264216864e-05,138,2.369504338895383,7.505250888541686,1.13878341213226
5110.34186352,7.5052487,1.13878343,0.6999999826852016,1.6841602798421376,1.8794692849208734e-05,147,0.27390102181497666,7.505247939965553,1.138783152923646
5110.59186352,7.5052487,1.13878343,0.6999998282004265,1.68416436768476,1.8960718405979645e-05,138,1.6833801585461605,7.505247881648413,1.1387837950076793
5110.84186352,7.5052487,1.13878343,0.6999997156603535,1.6841604924571083,1.909956073044828e-05,138,2.0754808331709436,7.505245783214265,1.1387833227587374
5111.09186352,7.5052487,1.13878343,0.7000002453111721,1.6841635402161768,1.892637626945323e-05,138,2.2902167822586534,7.5052511020324415,1.138783461769892
5111.34186352,7.5052487,1.13878343,0.7000002464732072,1.6841604389209466,1.9086934743643243e-05,135,2.0463005898695292,7.5052501813079315,1.138783035776383
5111.59186352,7.5052487,1.13878343,0.6999998814389667,1.6841651528834862,1.9066287187491297e-05,132,1.0875908482830874,7.505248559931074,1.1387838746604786
5111.84186352,7.5052487,1.13878343,0.7000001440659352,1.6841639068302205,1.877046031395467e-05,144,1.6476594166708172,7.50525037007777,1.138783565393013
5112.09186352,7.5052487,1.13878343,0.7000001813979647,1.6841629348495548,1.8712086846764267e-05,144,2.3952622585630228,7.5052503889307856,1.138783412406807
5112.34186352,7.5052487,1.13878343,0.6999999973038002,1.684164857971348,1.8901128090943475e-05,141,0.3081556425679052,7.505249434970252,1.1387837731702366
5112.59186352,7.5052487,1.13878343,0.6999997163223485,1.6841603912372833,1.9085949732837805e-05,126,1.968376336344604,7.505245758353334,1.138783308526376
5112.84186352,7.5052487,1.13878343,0.7000002808734939,1.6841626548955775,1.8941513818789115e-05,135,2.4849117898384985,7.505251132166963,1.1387833216025147
5113.09186352,7.5052487,1.13878343,0.7000001666528174,1.6841636239056523,1.8754421856045766e-05,147,1.9429611760184298,7.505250473029257,1.138783514687321
5113.34186352,7.40271554,1.14860861,0.6869127083407904,1.7042878192782431,1.928011312277465e-05,141,1.2827039890570566,7.40271794095351,1.1486089135818347
5113.59186352,7.00811822,1.18642065,0.6367976278268417,1.7624896377462047,1.9597320662232406e-05,132,2.4502475985226333,7.008116695628448,1.1864210213727822
5113.84186352,6.71605405,1.21440751,0.6000000874008036,1.7901328667999301,1.979492190100514e-05,135,1.1523796806128155,6.7160538642689565,1.2144070354878818
5114.09186352,6.71605405,1.21440751,0.599999797634818,1.7901352710057539,1.951704911947415e-05,135,3.122668358076074,6.716052447011532,1.214407666687002
5114.34186352,6.71605405,1.21440751,0.6000000526163007,1.7901375020962784,1.9799085294534654e-05,135,0.6300752003911418,6.716055432811106,1.2144079114166983
5114.59186352,6.71605405,1.21440751,0.5999998787641075,1.7901364600339096,1.9531107123131556e-05,138,1.9326249055466702,6.7160535886834305,1.2144078327578924
5114.84186352,6.71605405,1.21440751,0.600000105667497,1.7901364686617474,1.948558827299223e-05,147,1.7465571532437725,6.716055454980429,1.2144076866442644
5115.09186352,6.71605405,1.21440751,0.6000000452401514,1.7901368506767508,1.955599530685372e-05,150,0.7374815473773425,6.716055111686152,1.2144077963021525
5115.34186352,6.71605405,1.21440751,0.6000001936893196,1.7901343231113238,1.958454246964716e-05,153,2.8680574152202247,6.716055319407825,1.2144072343845693
5115.59186352,6.71605405,1.21440751,0.5999999301664313,1.7901365351975158,1.947405275332872e-05,141,1.271067170615864,6.716054040754942,1.2144078131341907
5115.84186352,6.71605405,1.21440751,0.600000293964124,1.7901348117891072,1.9825908927858736e-05,156,3.142354088528851,6.71605633812147,1.2144072590691921
5116.09186352,6.71605405,1.21440751,0.6000002354190581,1.790135304703795,1.962588153380059e-05,132,3.1487816169522183,6.716056054640132,1.2144073879166883
5116.34186352,6.71605405,1.21440751,0.6000000497058435,1.7901367567924176,1.9517666285033957e-05,141,0.8234495834175397,6.7160551107951445,1.2144077761126018
5116.59186352,6.71605405,1.21440751,0.6000001275196536,1.7901360778143356,1.9410174634106498e-05,132,2.352040865965628,6.716055478044738,1.214407600470835
5116.84186352,6.71605405,1.21440751,0.5999998517105477,1.7901360836552143,1.9479616798990973e-05,132,2.4748402142298596,6.716053216025863,1.2144077810828438
5117.09186352,6.71605405,1.21440751,0.5999998381106929,1.7901342343048632,1.9484581933036283e-05,138,2.5665522427703116,6.716052364632465,1.21440744949867
5117.34186352,6.71605405,1.21440751,0.600000030067833,1.7901368439243759,1.9545897498032466e-05,147,0.563847631515096,6.716054984422545,1.2144078049355118
5117.59186352,6.71605405,1.21440751,0.600000135511347,1.7901346264645628,1.9364382442359082e-05,141,2.9386586109712263,6.716054963115741,1.2144073280978405
5117.84186352,6.71605405,1.21440751,0.5999998512775307,1.7901361825923134,1.9519440297390284e-05,138,2.4395074131092978,6.716053252045706,1.2144077995774967
5118.09186352,6.71605405,1.21440751,0.5999997706287704,1.79013560140976,1.964454900839444e-05,138,3.115374586102185,6.716052357457213,1.214407745088761
5118.34186352,6.6025064,1.21966686,0.5870129869094172,1.7733673129429195,1.9156799055334104e-05,135,2.099339054152714,6.602507538778941,1.2196669769074897
5118.59186352,6.16551996,1.2399074,0.5370127782144084,1.7179561391574754,1.8648406897954554e-05,141,2.1257645924017394,6.165519522162104,1.2399077112771182
5118.84186352,5.84208117,1.25488859,0.5000001678977781,1.6841613696614617,1.844507825504265e-05,138,2.89392284650517,5.842082081041561,1.2548882079514496
5119.09186352,5.84208117,1.25488859,0.5000001606079628,1.6841613582248594,1.8454774444943663e-05,138,2.905987143942602,5.842082014702333,1.2548882094400864
5119.34186352,5.84208117,1.25488859,0.500000055530576,1.6841631279014277,1.8110053548714885e-05,138,1.9772546121583279,5.842082025733926,1.2548887679136442
5119.59186352,5.84208117,1.25488859,0.5000012263192404,1.6841604050525905,2.26588570951824e-05,114,3.9301933666097026,5.842090400400391,1.2548872630958494
5119.84186352,5.84208117,1.25488859,0.4999998154805429,1.684163341846324,1.853345166710556e-05,147,3.07796920329948,5.842080136489496,1.2548889808672081
5120.09186352,5.84208117,1.25488859,0.49999982773770435,1.6841626019646512,1.8275886592781057e-05,135,3.9504224366782816,5.842079868477086,1.2548887676382832
5120.34186352,5.84208117,1.25488859,0.5000000835024934,1.6841631287087468,1.8170882615376185e-05,141,2.5044198262495803,5.842082258747487,1.2548887502437203
5120.59186352,5.84208117,1.25488859,0.49999984523413826,1.6841628066443939,1.8240724824084435e-05,189,3.626978437481013,5.842080116314488,1.2548888132637606
5120.84186352,5.84208117,1.25488859,0.5000001325311668,1.68416203162675,1.8134397596829317e-05,144,3.7505488039140022,5.842082117921084,1.254888414334524
5121.09186352,5.84208117,1.25488859,0.500000166375574,1.6841632210901685,1.8435286212479683e-05,141,3.1742602744767847,5.8420829940972006,1.2548887228732788
5121.34186352,5.84208117,1.25488859,0.5000001663479353,1.684162511771995,1.8240176015614093e-05,141,3.922459213185664,5.842082639208394,1.2548885259875953
5121.59186352,5.84208117,1.25488859,0.5000001640238514,1.6841625048277458,1.8230361848182938e-05,141,3.924828799030533,5.8420826164095665,1.254888525546652
5121.84186352,5.84208117,1.25488859,0.5000001592123511,1.6841626317957905,1.8229345100702763e-05,141,3.836917971257833,5.842082639881913,1.2548885638703706
5122.09186352,5.84208117,1.25488859,0.5000001048105508,1.6841633936999318,1.8346260017934013e-05,135,2.346540573365809,5.842082568437381,1.254888810172944
5122.34186352,5.84208117,1.25488859,0.499999863617391,1.6841629552977029,1.8221942815084732e-05,150,3.256936787974278,5.842080343513299,1.254888842769227
5122.59186352,5.84208117,1.25488859,0.49999990073180417,1.684163035794184,1.8150450796700235e-05,153,2.6761389593596268,5.8420806923989606,1.2548888413720696
5122.84186352,5.72651633,1.25886292,0.4870332148411947,1.6690820660701537,1.817678980755623e-05,141,0.6997546442800149,5.72651581001017,1.2588625745088058
5123.09186352,5.28176679,1.27415809,0.4370528793438449,1.6186924756802383,1.7390017364484848e-05,147,0.8327696143132215,5.281767061850423,1.2741583624797181
5123.34186352,4.95258209,1.28547892,0.4000001501769576,1.5876367242538942,1.7147931437680586e-05,144,5.161766878394806,4.95258329789546,1.2854787921939559
5123.59186352,4.95258209,1.28547892,0.3999999097262311,1.5876366249646179,1.6913826673441614e-05,138,5.024890565729176,4.952581215563024,1.285478900205038
5123.84186352,4.95258209,1.28547892,0.399999870366106,1.587637266497403,1.7169651245487345e-05,135,4.4222953113243,4.9525812693711035,1.2854791766256155
5124.09186352,4.95258209,1.28547892,0.39999994696664276,1.5876362382241718,1.7053855885276268e-05,132,2.7931100914105964,4.95258129679861,1.2854787253034388
5124.34186352,4.95258209,1.28547892,0.39999996180766706,1.5876376960588312,1.727524194026657e-05,129,1.1328965687653925,4.952582296347557,1.2854792896651108
5124.59186352,4.95258209,1.28547892,0.3999998943080898,1.5876374784522624,1.721244872710143e-05,138,3.2550754488891167,4.952581597952693,1.2854792453543797
5124.84186352,4.95258209,1.28547892,0.39999983795939625,1.5876375506342635,1.74625102424642e-05,135,3.966005200003962,4.952581167236268,1.2854793082116618
5125.09186352,4.95258209,1.28547892,0.39999989177743495,1.5876369851534753,1.69636027320453e-05,135,5.147523046742513,4.952581280684582,1.2854790528632594
5125.34186352,4.95258209,1.28547892,0.3999998477253276,1.5876375828912648,1.7444686275187094e-05,135,3.747585634508917,4.9525812687450275,1.2854793149268124
5125.59186352,4.95258209,1.28547892,0.400000126018474,1.5876363883718572,1.7144856585761903e-05,117,4.594048111895441,4.95258289313634,1.2854786748508862
5125.84186352,4.95258209,1.28547892,0.39999994094816965,1.5876363456036011,1.697774596138778e-05,144,3.31807514894115,4.952581310596689,1.2854787712221947
5126.09186352,4.95258209,1.28547892,0.4000000325744926,1.5876372784747088,1.6893151175949992e-05,141,2.767517360625348,4.952582641113272,1.2854790821255226
5126.34186352,4.95258209,1.28547892,0.4000001646278012,1.5876362683428173,1.7378817543766448e-05,174,4.620034540634283,4.952583145914634,1.2854786040229553
5126.59186352,4.95258209,1.28547892,0.39999990340510866,1.5876376126882603,1.729176188945575e-05,138,2.632321814279209,4.9525817550217255,1.2854792925920573
5126.84186352,4.95258209,1.28547892,0.4000001053610218,1.587636315252426,1.709406555376446e-05,138,4.024458932761707,4.952582675486688,1.2854786587240545
5127.09186352,4.95258209,1.28547892,0.3999998781866023,1.5876366776252189,1.705647250488156e-05,141,5.267370577823236,4.952580981836572,1.285478940209613
5127.34186352,4.95258209,1.28547892,0.4000000718911366,1.5876362662667933,1.7009964483351795e-05,135,3.0238967358859887,4.952582364534466,1.2854786599266854
5127.59186352,4.95258209,1.28547892,0.40000010536989017,1.587636736312472,1.6951608575375e-05,141,5.475131380731849,4.952582928197276,1.2854788243424675
5127.84186352,4.85206611,1.30001422,0.38688789409217667,1.6036009513389757,1.7021392529064406e-05,138,2.046575491256543,4.852066097232995,1.3000140087230603
5128.09186352,4.46523189,1.35595311,0.336750733056002,1.6550698496675762,1.7432320340827136e-05,144,5.370918650385767,4.465231195093153,1.3559530457367481
5128.34186352,4.17891364,1.3973567,0.30000006355025777,1.6841625338822346,1.765414990231505e-05,138,6.5110959645983035,4.1789143021911785,1.397356735630966
5128.59186352,4.17891364,1.3973567,0.2999998959977326,1.6841620691387469,1.7999878877344807e-05,135,6.542784039143073,4.1789125835311225,1.3973566445821912
5128.84186352,4.17891364,1.3973567,0.29999990765519474,1.6841624920109757,1.7774628428484682e-05,144,7.049779452883479,4.1789129764832875,1.3973568391117868
5129.09186352,4.17891364,1.3973567,0.2999999770112655,1.6841620114710953,1.7623007068576194e-05,141,3.252146543881645,4.178913216859176,1.3973565525319693
5129.34186352,4.17891364,1.3973567,0.2999998899776928,1.684162080674429,1.8032781439922522e-05,135,6.657794953086029,4.178912541544426,1.397356654916254
5129.59186352,4.17891364,1.3973567,0.300000112607307,1.6841626974043027,1.810902442637463e-05,132,6.518387361277418,4.178914824607056,1.3973567755173053
5129.84186352,4.17891364,1.3973567,0.29999993515891155,1.6841621095070383,1.772822554080645e-05,129,6.180314545092178,4.178912937446946,1.397356632971986
5130.09186352,4.17891364,1.3973567,0.2999999543851885,1.6841630257631275,1.804664490319773e-05,120,1.7082485926001354,4.178913738708854,1.3973570592528355
5130.34186352,4.17891364,1.3973567,0.2999999852778998,1.6841617631997399,1.797377191841157e-05,141,2.3848303486596905,4.178913111813214,1.3973564263361433
5130.59186352,4.17891364,1.3973567,0.2999999822580057,1.684162003764295,1.7638086931405877e-05,141,2.921680793694724,4.178913255095456,1.3973565446563863
5130.84186352,4.17891364,1.3973567,0.2999999730930347,1.6841627726667856,1.7690422749293147e-05,132,1.5116729718214779,4.178913717112806,1.3973569224498472
5131.09186352,4.17891364,1.3973567,0.2999999627877804,1.684162005448192,1.7698994667177093e-05,135,4.3209452661418775,4.178913094362945,1.39735656091186
5131.34186352,4.17891364,1.3973567,0.2999999598721073,1.6841620055481774,1.7711856863369233e-05,135,4.497523959166398,4.1789130701866695,1.3973565632727896
5131.59186352,4.17891364,1.3973567,0.2999999139338839,1.684162503545732,1.773952639415279e-05,144,7.012881163474602,4.178913036770177,1.397356839689891
5131.84186352,4.17891364,1.3973567,0.2999999128827975,1.6841625456194154,1.7757338352128104e-05,144,6.756410634282635,4.178913057481095,1.3973568607983664
5132.09186352,4.17891364,1.3973567,0.29999990764821666,1.684162488699079,1.777410671625531e-05,144,7.063842272974869,4.178912974106931,1.3973568375213636
5132.34186352,4.17891364,1.3973567,0.2999999721093589,1.684162017699078,1.763256460231516e-05,141,3.655610296920889,4.178913180455302,1.397356559421404
5132.59186352,4.17891364,1.3973567,0.2999999881244673,1.6841620073325656,1.7591564339058135e-05,141,2.302028228514732,4.17891330637779,1.3973565417225366
5132.84186352,4.17891364,1.3973567,0.2999999747337008,1.6841620140941953,1.762752643350079e-05,141,3.4406657060994505,4.1789131997554865,1.3973565556025986
5133.09186352,4.17891364,1.3973567,0.2999999077166181,1.6841624678210056,1.7770751557251987e-05,144,7.144539519345784,4.178912960061093,1.397356827406245
5133.34186352,4.17891364,1.3973567,0.29999991311575824,1.6841625365484816,1.7753125798582882e-05,144,6.814972796835277,4.178913053068705,1.3973568562424186
5133.59186352,4.17891364,1.3973567,0.29999987789610133,1.6841625915742477,1.8049593759373692e-05,135,7.2077077555959965,4.178912798705805,1.3973569106952917
5133.84186352,4.08188773,1.41664903,0.2868189854091966,1.7018091905670016,1.7821552450567122e-05,141,4.561476114865624,4.081887859260494,1.4166488308025245
5134.09186352,3.70848496,1.49089527,0.23661053838332177,1.7584463608900855,1.8663671122429877e-05,132,4.075858495515934,3.7084848045549075,1.490895600913036
5134.34186352,3.4321081,1.54584918,0.200000068114151,1.7901348581249703,1.876639610712549e-05,123,8.19718071474216,3.4321084457079705,1.5458489472109325
5134.59186352,3.4321081,1.54584918,0.19999992561222685,1.790135047561901,1.8849362128218205e-05,123,10.406285914853267,3.432107427335949,1.5458492105249937
5134.84186352,3.4321081,1.54584918,0.19999993609729333,1.7901355842095419,1.8984584091755238e-05,126,4.739246099123623,3.432107942735076,1.5458495196072823
5135.09186352,3.4321081,1.54584918,0.19999993784373127,1.790135589964873,1.898381340948748e-05,126,4.507975459586075,3.4321079616773598,1.5458495211986127
5135.34186352,3.4321081,1.54584918,0.19999993878016364,1.790135591534388,1.8981152269692223e-05,126,4.400100388439775,3.4321079706209545,1.5458495211472159
5135.59186352,3.4321081,1.54584918,0.1999999388767866,1.790135590618591,1.8979076405115764e-05,126,4.4000910053857245,3.4321079706815785,1.5458495204989766
5135.84186352,3.4321081,1.54584918,0.1999999196331691,1.7901354547053192,1.8943590599738177e-05,126,7.823461265711946,3.4321077039634598,1.545849459716069
5136.09186352,3.4321081,1.54584918,0.19999991651758597,1.7901354069693822,1.8936245997929566e-05,126,8.667885035743195,3.4321076401961905,1.5458494345249811
5136.34186352,3.4321081,1.54584918,0.19999991665038513,1.7901354434626668,1.8965482346509768e-05,126,8.206913230614306,3.4321076704810847,1.545849456155271
5136.59186352,3.4321081,1.54584918,0.19999992545739068,1.7901355837355466,1.9066672501091466e-05,126,5.79871535784721,3.4321078550037214,1.5458495305469695
5136.84186352,3.4321081,1.54584918,0.19999991711056267,1.7901354763210746,1.9019350239909685e-05,126,7.9694763963790045,3.4321077005458087,1.5458494752718424
5137.09186352,3.4321081,1.54584918,0.1999999530255106,1.790134849366425,1.8887744531117023e-05,126,8.63886870389889,3.4321074938389167,1.5458490633757183
5137.34186352,3.4321081,1.54584918,0.19999991800615655,1.7901355156010246,1.9042772796960252e-05,126,7.303642039796845,3.4321077393224764,1.54584949775998
5137.59186352,3.4321081,1.54584918,0.19999991695521718,1.790135454238576,1.897240742121501e-05,126,8.049509145993301,3.4321076816044425,1.5458494622622028
5137.84186352,3.4321081,1.54584918,0.19999990929330627,1.7901350570884553,1.9025061221656415e-05,123,10.622886458960734,3.4321073009810594,1.5458492334205278
5138.09186352,3.4321081,1.54584918,0.19999992555545507,1.790135584275872,1.9066570528235315e-05,126,5.782707261068664,3.4321078562410774,1.5458495307658715
5138.34186352,3.4321081,1.54584918,0.1999999897024808,1.7901347138203367,1.8902186271521346e-05,120,4.201937377018715,3.4321076865150237,1.5458489438295744
5138.59186352,3.4321081,1.54584918,0.19999993662625073,1.7901355652962023,1.9035614004476196e-05,129,5.338945954901348,3.4321079319470718,1.5458495077664618
5138.84186352,3.4321081,1.54584918,0.19999994429883286,1.7901352646735533,1.8638330724991498e-05,135,10.071942636836601,3.432107754439795,1.5458493203349721
5139.09186352,3.4321081,1.54584918,0.2000000259239363,1.7901347284677185,1.8803585104792693e-05,126,2.713846181246644,3.432107995606199,1.5458489143630068
5139.34186352,3.29145505,1.53055407,0.1874349624745465,1.7439895395277005,1.845502503556295e-05,123,10.148997618855558,3.2914545503757893,1.5305542788573259
5139.59186352,2.75015391,1.47169106,0.13777904168262145,1.5916609167363873,1.646303548300777e-05,129,2.7555667437515763,2.75015381777098,1.4716909186851042
5139.84186352,2.34950582,1.42812316,0.09999997478663523,1.4994508100786066,1.5725146731331196e-05,123,16.744023366787793,2.3495055147432984,1.4281231039469005
5140.09186352,2.34950582,1.42812316,0.09999999825374813,1.4994507129860795,1.576679620718068e-05,126,8.699605500165712,2.3495056268433716,1.4281230087370846
5140.34186352,2.34950582,1.42812316,0.09999998961021167,1.4994507940997166,1.5578400673905054e-05,129,13.45098942531977,2.349505626370838,1.4281230808311889
5140.59186352,2.34950582,1.42812316,0.09999996071357238,1.4994511200813465,1.590556868590472e-05,123,8.70954987767563,2.3495056741170135,1.428123366597345
5140.84186352,2.34950582,1.42812316,0.09999998528540704,1.499451137514128,1.5850007776083304e-05,123,5.732836059893277,2.349505898680599,1.4281233641368556
5141.09186352,2.34950582,1.42812316,0.09999998269508982,1.4994507772209928,1.574507292629075e-05,129,15.457508732763863,2.3495055523976527,1.428123071748965
5141.34186352,2.34950582,1.42812316,0.10000001730241044,1.499451092212081,1.593982975256471e-05,126,15.451086068020029,2.349506130070859,1.4281233054010487
5141.59186352,2.34950582,1.42812316,0.09999995871248327,1.499450954174219,1.579879523114711e-05,123,19.070404627908268,2.3495055077902363,1.4281232325082163
5141.84186352,2.34950582,1.42812316,0.09999996542784109,1.4994511191272621,1.5845333165844842e-05,126,6.769559194376431,2.349505713332209,1.4281233626157914
5142.09186352,2.34950582,1.42812316,0.09999995175289553,1.4994510093351283,1.5925417865497396e-05,123,17.957076313887264,2.3495054982747403,1.428123282270222
5142.34186352,2.34950582,1.42812316,0.09999995729664383,1.4994511391431533,1.598909042664788e-05,129,8.918882852215223,2.349505662226872,1.4281233844809147
5142.59186352,2.34950582,1.42812316,0.09999995724064592,1.4994511402173698,1.599151071329892e-05,129,8.873783234527044,2.3495056627176543,1.4281233853959598
5142.84186352,2.34950582,1.42812316,0.09999995672759233,1.4994511393469323,1.5994641673897478e-05,129,9.098408760402943,2.3495056575730233,1.4281233850338662
5143.09186352,2.34950582,1.42812316,0.09999996957505987,1.499450886948983,1.5703411218130004e-05,132,20.633945641537448,2.3495055396253868,1.4281231702452657
5143.34186352,2.25052284,1.44884737,0.0868510144463553,1.5134579257667011,1.5895504160427584e-05,132,10.675571104206668,2.2505227140555393,1.4488475241619363
5143.59186352,1.86958834,1.5286042,0.03668062634482731,1.5600039066114468,1.6512411941042398e-05,123,9.930784385386968,1.8695882496648346,1.5286043942626861
5143.84186352,1.58763682,1.58763682,0.0,1.58763681886148,1.588376949826524e-05,105,38.04128710792281,1.58763681886148,1.58763681886148
5144.09186352,1.58763682,1.58763682,0.0,1.5876368145230433,1.5912579671870007e-05,102,33.798911441227645,1.5876368145230433,1.5876368145230433
5144.34186352,1.58763682,1.58763682,0.0,1.5876368176107332,1.589243899131273e-05,108,37.828178227519146,1.5876368176107332,1.5876368176107332
5144.59186352,1.58763682,1.58763682,0.0,1.587636815737775,1.590551175986834e-05,114,36.26747751466301,1.587636815737775,1.5876368157377752
5144.84186352,1.58763682,1.58763682,0.0,1.5876368183227105,1.5887887630122526e-05,114,39.506506143478646,1.5876368183227105,1.5876368183227105
5145.09186352,1.58763682,1.58763682,0.0,1.587636819299086,1.588120338318289e-05,102,40.93443699670576,1.587636819299086,1.587636819299086
5145.34186352,1.58763682,1.58763682,0.0,1.587636812214863,1.5930281447342677e-05,99,33.14350734831275,1.587636812214863,1.587636812214863
5145.59186352,1.58763682,1.58763682,0.0,1.5876368173349693,1.5894773014184744e-05,102,38.50256328436543,1.5876368173349693,1.5876368173349693
5145.84186352,1.58763682,1.58763682,0.0,1.5876368166804582,1.5899230012827342e-05,120,37.61493709499257,1.5876368166804582,1.5876368166804582
5146.09186352,1.58763682,1.58763682,0.0,1.5876368172328321,1.5895368728463723e-05,114,38.15858301872656,1.5876368172328321,1.5876368172328321
5146.34186352,1.61394565,1.61394565,0.0,1.6139456498137204,1.6140707396174374e-05,189,40.414810198921124,1.6139456498137204,1.6139456498137204
5146.59186352,1.71519481,1.71519481,0.0,1.7151948084959516,1.7161396776919802e-05,123,35.97282676942612,1.7151948084959516,1.7151948084959519
5146.84186352,1.79013513,1.79013513,0.0,1.7901351285208136,1.791022060293457e-05,126,34.192303185195144,1.7901351285208136,1.7901351285208136
5147.09186352,1.79013513,1.79013513,0.0,1.7901351283251103,1.791158012348221e-05,108,34.61211037877221,1.7901351283251103,1.7901351283251103
5147.34186352,1.79013513,1.79013513,0.0,1.790135126073284,1.792578509733691e-05,93,32.88606064852315,1.790135126073284,1.790135126073284
5147.59186352,1.79013513,1.79013513,0.0,1.79013513,1.7901351300000002e-05,60,37.76888520662538,1.79013513,1.7901351300000001
5147.84186352,1.79013513,1.79013513,0.0,1.7901351281263207,1.791293871986293e-05,117,34.83122302618083,1.7901351281263207,1.7901351281263207
5148.09186352,1.79013513,1.79013513,0.0,1.7901351283651388,1.791124766270124e-05,93,34.35024012318628,1.7901351283651388,1.7901351283651388
5148.34186352,1.79013513,1.79013513,0.0,1.79013512258902,1.7945127802636013e-05,108,28.23570671954228,1.79013512258902,1.7901351225890203
5148.59186352,1.79013513,1.79013513,0.0,1.7901351288797276,1.790756916922717e-05,129,32.01036974324033,1.7901351288797276,1.7901351288797276
5148.84186352,1.82762668,1.82762668,0.0,1.8276266721202952,1.83166652737259e-05,108,24.180676190681645,1.8276266721202952,1.827626672120295
5149.09186352,1.97191236,1.97191236,0.0,1.971912357857446,1.972873012175422e-05,114,24.84972406018105,1.971912357857446,1.9719123578574462
5149.34186352,2.07870648,2.07870648,0.0,2.078706477328354,2.0797517534984338e-05,90,21.317238956268344,2.078706477328354,2.078706477328354
5149.59186352,2.07870648,2.07870648,0.0,2.0787064748997013,2.080553905690754e-05,78,18.401792622224768,2.0787064748997013,2.0787064748997013
5149.84186352,2.07870648,2.07870648,0.0,2.0787064749999855,2.08040061530144e-05,120,17.26138988442971,2.0787064749999855,2.0787064749999855
5150.09186352,2.07870648,2.07870648,0.0,2.0787064767486947,2.079797671266683e-05,84,17.976031661238647,2.0787064767486947,2.0787064767486947
5150.34186352,2.07870648,2.07870648,0.0,2.078706477615017,2.079499407984089e-05,93,18.26978183765644,2.078706477615017,2.078706477615017
5150.59186352,2.07870648,2.07870648,0.0,2.0787064784239453,2.0792266197333182e-05,90,18.581390515435054,2.0787064784239453,2.0787064784239453
5150.84186352,2.07870648,2.07870648,0.0,2.078706478633776,2.0791643316896974e-05,105,18.988287326652426,2.078706478633776,2.078706478633776
5151.09186352,2.07870648,2.07870648,0.0,2.078706478409154,2.0792479679948482e-05,114,19.155623232221313,2.078706478409154,2.078706478409154
5151.34186352,2.07870648,2.07870648,0.0,2.078706475021768,2.0804250917467484e-05,81,17.5980690123518,2.078706475021768,2.078706475021768
5151.59186352,2.07870648,2.07870648,0.0,2.0787064752378708,2.0803427371453636e-05,114,17.621302964436232,2.0787064752378708,2.0787064752378708
5151.84186352,2.07870648,2.07870648,0.0,2.0787064733276006,2.0809883442494737e-05,120,16.65770656007738,2.0787064733276006,2.0787064733276006
5152.09186352,2.07870648,2.07870648,0.0,2.0787064764802103,2.0798963880295776e-05,114,17.96544805748219,2.0787064764802103,2.0787064764802103
5152.34186352,2.23871731,2.23871731,0.0,2.2387173045289317,2.240293609292801e-05,111,14.605482827358255,2.2387173045289317,2.2387173045289317
5152.59186352,2.85451661,2.85451661,0.0,2.854516601761612,2.856236858551936e-05,117,11.349526652618895,2.854516601761612,2.854516601761612
5152.84186352,3.31030508,3.31030508,0.0,3.310305079351587,3.3104141225583515e-05,78,12.070325846246543,3.310305079351587,3.310305079351587
5153.09186352,3.31030508,3.31030508,0.0,3.310305077573997,3.31070879987917e-05,66,11.618058807678645,3.310305077573997,3.3103050775739975
5153.34186352,3.31030508,3.31030508,0.0,3.3103050762556814,3.310921750676074e-05,135,11.280948911191823,3.3103050762556814,3.3103050762556814
5153.59186352,3.31030508,3.31030508,0.0,3.310305072600183,3.31151299082592e-05,78,10.690819311388509,3.310305072600183,3.3103050726001833
5153.84186352,3.31030508,3.31030508,0.0,3.310305077642238,3.310692584427475e-05,69,11.485919665225206,3.310305077642238,3.310305077642238
5154.09186352,3.31030508,3.31030508,0.0,3.310305065654184,3.312679104276456e-05,87,10.041980169291607,3.310305065654184,3.310305065654184
5154.34186352,3.31030508,3.31030508,0.0,3.3103050792760884,3.310425670170914e-05,69,11.9418540115704,3.3103050792760884,3.3103050792760884
5154.59186352,3.31030508,3.31030508,0.0,3.3103050768904394,3.3108246402014774e-05,123,11.548213217655436,3.3103050768904394,3.31030507689044
5154.84186352,3.31030508,3.31030508,0.0,3.3103050746831633,3.311196135275822e-05,81,11.242546371112102,3.3103050746831633,3.3103050746831633
5155.09186352,3.31030508,3.31030508,0.0,3.310305079155246,3.310446984072937e-05,156,12.018941734677282,3.310305079155246,3.3103050791552464
5155.34186352,3.31030508,3.31030508,0.0,3.3103050778466248,3.3106647665788064e-05,96,11.709357231155499,3.3103050778466248,3.3103050778466248
5155.59186352,3.31030508,3.31030508,0.0,3.310305076700391,3.3108531306649e-05,102,11.448534769150852,3.310305076700391,3.310305076700391
5155.84186352,3.31030508,3.31030508,0.0,3.31030507831234,3.3105841582189505e-05,108,11.675348931739245,3.31030507831234,3.31030507831234
5156.09186352,3.31030508,3.31030508,0.0,3.31030507499997,3.3111395426311116e-05,93,11.240711919203175,3.31030507499997,3.31030507499997
5156.34186352,3.31030508,3.31030508,0.0,3.3103050771605407,3.310783379773532e-05,90,11.688249894225672,3.3103050771605407,3.310305077160541
5156.59186352,3.31030508,3.31030508,0.0,3.310305078339344,3.310587043195616e-05,87,11.992875200643782,3.310305078339344,3.3103050783393444
5156.84186352,3.31030508,3.31030508,0.0,3.3103050785646704,3.310546776467528e-05,96,11.935876542192151,3.3103050785646704,3.3103050785646704
5157.09186352,3.31030508,3.31030508,0.0,3.310305071467224,3.311730177096591e-05,120,10.81740734135587,3.310305071467224,3.310305071467224
5157.34186352,3.31030508,3.31030508,0.0,3.310305078714917,3.310517875639598e-05,114,11.765010041955897,3.310305078714917,3.310305078714917
5157.59186352,3.31030508,3.31030508,0.0,3.3103050772196063,3.3107593727317284e-05,117,11.347262234753764,3.3103050772196063,3.3103050772196068
5157.84186352,3.43851056,3.43851056,0.0,3.438510557387007,3.4389161990690764e-05,96,11.361954707224228,3.438510557387007,3.438510557387007
5158.09186352,3.93190743,3.93190743,0.0,3.931907427239208,3.932276496329325e-05,120,12.074767827900384,3.931907427239208,3.9319074272392074
5158.34186352,4.29709882,4.29709882,9.595630077697323e-09,4.29709892842695,4.310822756759159e-05,99,9.336081491757973,4.297098983149879,4.297098792476448
5158.59186352,4.29709882,4.29709882,0.0,4.297098811878171,4.298013984594888e-05,126,11.661838025308864,4.297098811878171,4.297098811878171
5158.84186352,4.29709882,4.29709882,0.0,4.297098817534383,4.2973666194016534e-05,108,11.582532839316196,4.297098817534383,4.297098817534383
5159.09186352,4.29709882,4.29709882,0.0,4.297098817305224,4.297387356829379e-05,108,11.401565820331792,4.297098817305224,4.297098817305224
5159.34186352,4.29709882,4.29709882,0.0,4.297098813408168,4.297794751520383e-05,132,11.00105153329781,4.297098813408168,4.297098813408168
5159.59186352,4.29709882,4.29709882,0.0,4.297098817153266,4.297395693537018e-05,96,11.094181688751988,4.297098817153266,4.297098817153266
5159.84186352,4.29709882,4.29709882,0.0,4.297098818742859,4.29723073106419e-05,162,11.279671547863156,4.297098818742859,4.297098818742859
5160.09186352,4.29709882,4.29709882,0.0,4.297098819218163,4.297181367309006e-05,129,11.387187117336268,4.297098819218163,4.297098819218163
5160.34186352,4.29709882,4.29709882,0.0,4.297098816662316,4.297452989677979e-05,108,11.25435266201695,4.297098816662316,4.297098816662316
5160.59186352,4.29709882,4.29709882,0.0,4.297098814999953,4.297624762074853e-05,90,11.050020164729773,4.297098814999953,4.297098814999953
5160.84186352,4.29709882,4.29709882,0.0,4.297098818498423,4.297255402161688e-05,120,11.191067416800486,4.297098818498423,4.297098818498423
5161.09186352,4.29709882,4.29709882,0.0,4.297098810547375,4.2980780025057944e-05,126,10.66659247486791,4.297098810547375,4.297098810547375
5161.34186352,4.29709882,4.29709882,0.0,4.297098818586513,4.297247597924024e-05,99,11.30271661452303,4.297098818586513,4.297098818586513
5161.59186352,4.29709882,4.29709882,0.0,4.297098813973228,4.297743552325558e-05,117,11.17809541145573,4.297098813973228,4.297098813973228
5161.84186352,4.29709882,4.29709882,0.0,4.297098816933346,4.297431591549965e-05,138,11.528091643383412,4.297098816933346,4.297098816933346
5162.09186352,4.29709882,4.29709882,0.0,4.297098818764344,4.297231403596436e-05,123,11.536002538649972,4.297098818764344,4.297098818764344
5162.34186352,4.29709882,4.29709882,0.0,4.2970988192219925,4.297181374654439e-05,123,11.44456426371067,4.2970988192219925,4.2970988192219925
5162.59186352,4.29709882,4.29709882,0.0,4.297098817251066,4.297387000388416e-05,117,11.159318700923617,4.297098817251066,4.297098817251066
5162.84186352,4.61402126,4.61402126,0.0,4.614021254553763,4.6145402553546554e-05,105,11.534567773890117,4.614021254553763,4.614021254553763
5163.09186352,5.83369251,5.83369251,5.180017228064912e-07,5.833698692174633,6.450727127891827e-05,81,12.017201102939797,5.833700850325888,5.8336840854216065
5163.34186352,6.73644132,6.73644132,0.0,6.736441311495203,6.736970972268264e-05,123,16.900289731350572,6.736441311495203,6.736441311495203
5163.59186352,6.73644132,6.73644132,0.0,6.736441313922818,6.736810652001978e-05,153,16.5374798289557,6.736441313922818,6.736441313922818
5163.84186352,6.73644132,6.73644132,0.0,6.736441322884687,6.736612506294438e-05,144,16.00279959760754,6.736441322884687,6.736441322884687
5164.09186352,6.73644132,6.73644132,0.0,6.736441314378973,6.73676768359475e-05,138,15.808160010496664,6.736441314378973,6.736441314378973
5164.34186352,6.73644132,6.73644132,0.0,6.736441321148508,6.736507706145395e-05,138,15.751770359798888,6.736441321148508,6.736441321148509
5164.59186352,6.73644132,6.73644132,0.0,6.736441308920082,6.737078872497383e-05,126,15.57100819540296,6.736441308920082,6.736441308920082
5164.84186352,6.73644132,6.73644132,0.0,6.7364413270681105,6.736846434321646e-05,105,15.064510077766556,6.7364413270681105,6.7364413270681105
5165.09186352,6.73644132,6.73644132,0.0,6.736441312044242,6.736898130340393e-05,141,15.591113157608307,6.736441312044242,6.736441312044242
5165.34186352,6.73644132,6.73644132,0.0,6.736441318960071,6.736501141150765e-05,108,15.760082962655629,6.736441318960071,6.736441318960071
5165.59186352,6.73644132,6.73644132,0.0,6.736441317221729,6.736601673129652e-05,120,15.77312248028366,6.736441317221729,6.736441317221728
5165.84186352,6.73644132,6.73644132,0.0,6.736441316546604,6.736644819134708e-05,117,16.088941415366566,6.736441316546604,6.736441316546605
5166.09186352,6.73644132,6.73644132,0.0,6.73644132112558,6.736509070333075e-05,147,16.405197678712742,6.73644132112558,6.73644132112558
5166.34186352,6.73644132,6.73644132,0.0,6.736441313826872,6.736819748915926e-05,129,16.679528953323363,6.736441313826872,6.736441313826873
5166.59186352,6.73644132,6.73644132,0.0,6.736441315857872,6.736690400885473e-05,123,16.403196419966527,6.736441315857872,6.736441315857872
5166.84186352,6.73644132,6.73644132,0.0,6.736441316747709,6.73663323203663e-05,159,16.11547094283887,6.736441316747709,6.736441316747709
5167.09186352,6.73644132,6.73644132,0.0,6.736441318927648,6.736503549447916e-05,135,15.898086855190716,6.736441318927648,6.736441318927648
5167.34186352,6.73644132,6.73644132,0.0,6.736441313241425,6.736835270036438e-05,102,15.8486415973336,6.736441313241425,6.736441313241424
5167.59186352,6.73644132,6.73644132,0.0,6.736441313358521,6.73683017416878e-05,126,15.921612931079125,6.736441313358521,6.7364413133585215
5167.84186352,6.73644132,6.73644132,0.0,6.736441318433261,6.73653340527408e-05,135,16.090210374668516,6.736441318433261,6.736441318433262
5168.09186352,6.73644132,6.73644132,0.0,6.736441319259734,6.736484685468577e-05,123,16.056827264956897,6.736441319259734,6.736441319259734
5168.34186352,6.73644132,6.73644132,0.0,6.736441317134417,6.736608635766016e-05,126,15.954596397774049,6.736441317134417,6.7364413171344175
5168.59186352,6.73644132,6.73644132,0.0,6.7364413190583825,6.736496053854e-05,126,15.927699991136619,6.7364413190583825,6.736441319058383
5168.84186352,6.73146825,6.73146825,0.0,6.731468247727838,6.73159808869867e-05,120,15.602699694598606,6.731468247727838,6.731468247727838
5169.09186352,6.71232948,6.71232948,0.0,6.712329474201914,6.712655980603481e-05,129,15.209968200748694,6.712329474201914,6.712329474201914
5169.34186352,6.69816377,6.69816377,7.480722825406355e-09,6.698163975380295,6.707728716686702e-05,99,11.303724946659683,6.698164000080415,6.698163689861789
5169.59186352,6.69816377,6.69816377,0.0,6.698163771124173,6.698225819409221e-05,87,14.86009026680753,6.698163771124173,6.698163771124172
5169.84186352,6.69816377,6.69816377,0.0,6.698163787769775,6.699138881115456e-05,96,13.293082649917663,6.698163787769775,6.698163787769774
5170.09186352,6.69816377,6.69816377,0.0,6.698163766490549,6.698355048724065e-05,123,14.698323848931786,6.698163766490549,6.69816376649055
5170.34186352,6.69816377,6.69816377,0.0,6.698163763296133,6.698522867268755e-05,159,14.386451011953062,6.698163763296133,6.698163763296133
5170.59186352,6.69816377,6.69816377,0.0,6.6981638138569,6.700473328523314e-05,123,10.604202835406564,6.6981638138569,6.698163813856899
5170.84186352,6.69816377,6.69816377,0.0,6.698163763663255,6.698492588483135e-05,135,13.942710052599015,6.698163763663255,6.698163763663255
5171.09186352,6.69816377,6.69816377,0.0,6.698163768097997,6.6982633803839e-05,144,14.155604302359722,6.698163768097997,6.698163768097997
5171.34186352,6.69816377,6.69816377,0.0,6.6981637639802685,6.698481977899554e-05,120,14.208813087094432,6.6981637639802685,6.6981637639802685
5171.59186352,6.69816377,6.69816377,0.0,6.698163769028643,6.698215556881197e-05,129,14.4305289799109,6.698163769028643,6.698163769028643
5171.84186352,6.69816377,6.69816377,0.0,6.6981637685052124,6.698243367964512e-05,126,14.401912578410348,6.6981637685052124,6.698163768505213
5172.09186352,6.69816377,6.69816377,0.0,6.698163775192407,6.698439948647768e-05,114,13.965942609266014,6.698163775192407,6.698163775192408
5172.34186352,6.69816377,6.69816377,0.0,6.69816376677773,6.69833491912842e-05,126,14.329332821454877,6.69816376677773,6.69816376677773
5172.59186352,6.69816377,6.69816377,0.0,6.6981637635196885,6.698506821720432e-05,144,14.22152044147561,6.6981637635196885,6.698163763519689
5172.84186352,6.69816377,6.69816377,0.0,6.6981637675223835,6.698294493462461e-05,141,14.249204234609856,6.6981637675223835,6.6981637675223835
5173.09186352,6.69816377,6.69816377,0.0,6.6981637654142965,6.69840467442042e-05,108,14.14658089426903,6.6981637654142965,6.6981637654142965
5173.34186352,6.69816377,6.69816377,0.0,6.698163742643782,6.699578382725068e-05,99,13.553111891778745,6.698163742643782,6.698163742643782
5173.59186352,6.69816377,6.69816377,0.0,6.69816376992889,6.6981673904689e-05,138,13.800058182913824,6.69816376992889,6.69816376992889
5173.84186352,6.69816377,6.69816377,0.0,6.698163762723833,6.698528732344619e-05,144,13.462447594114353,6.698163762723833,6.698163762723833
5174.09186352,6.69816377,6.69816377,0.0,6.69816376879874,6.698223393516833e-05,141,13.429842931488277,6.69816376879874,6.69816376879874
5174.34186352,6.49864251,6.49864251,2.3612525061415677e-08,6.498642790079138,6.522640710607632e-05,90,11.919291154610407,6.498642872755024,6.498641946315998
5174.59186352,5.73078792,5.73078792,0.0,5.730787916748225,5.730972929060697e-05,126,10.968274922414862,5.730787916748225,5.730787916748225
5174.84186352,5.1624546,5.1624546,6.165045778980439e-08,5.16245535335352,5.216180198253252e-05,87,6.973629336715983,5.162455651590363,5.162454028578619
5175.09186352,5.1624546,5.1624546,1.536085254986499e-07,5.162455798522011,5.29158163037098e-05,81,8.693692666386921,5.162456541610043,5.162452497708231
5175.34186352,5.1624546,5.1624546,1.4422289903367878e-07,5.162455400181395,5.286790503240765e-05,81,9.401212301828542,5.162456097866102,5.16245230105088
5175.59186352,5.1624546,5.1624546,1.2775267069883327e-07,5.162454892811299,5.280259266193055e-05,84,9.839918117573426,5.162455510820606,5.16245214760133
5175.84186352,5.1624546,5.1624546,2.8291725130753718e-08,5.162455131941926,5.1925777440381225e-05,84,4.529290022854472,5.162455268804416,5.162454523995606
5176.09186352,5.1624546,5.1624546,1.1001457092783981e-08,5.162454677716206,5.171602066663462e-05,87,9.276917507141627,5.162454730936253,5.162454441311586
5176.34186352,5.1624546,5.1624546,1.102009596140306e-07,5.162455170462604,5.255327029020025e-05,84,9.226674091817427,5.162455703564686,5.162452802411668
5176.59186352,5.1624546,5.1624546,0.0,5.162454596870297,5.162647596122983e-05,135,9.518914864579326,5.162454596870297,5.162454596870297
5176.84186352,5.1624546,5.1624546,0.0,5.162454599576358,5.16248053660149e-05,108,9.539993057011278,5.162454599576358,5.162454599576358
5177.09186352,5.1624546,5.1624546,1.2411013510352988e-07,5.162455584368358,5.2645658245134704e-05,84,8.486646739347242,5.16245618475665,5.16245291743008
5177.34186352,5.1624546,5.1624546,1.4819401448600178e-07,5.16245518592334,5.293552089951152e-05,81,9.663533400895853,5.162455902818526,5.1624520014599495
5177.59186352,5.1624546,5.1624546,0.0,5.1624546020329465,5.162586556055246e-05,114,9.928709064381248,5.1624546020329465,5.1624546020329465
5177.84186352,5.1624546,5.1624546,4.824811972712112e-08,5.162454781851632,5.20509498524716e-05,102,9.670898811270906,5.162455015254093,5.162453745072862
5178.09186352,5.1624546,5.1624546,0.0,5.162454594083905,5.1628216882204654e-05,114,9.498946969518355,5.162454594083905,5.162454594083905
5178.34186352,5.1624546,5.1624546,0.0,5.1624545987536345,5.162530463694727e-05,129,9.456241630713404,5.1624545987536345,5.1624545987536345
5178.59186352,5.1624546,5.1624546,0.0,5.162454596600734,5.162663634328663e-05,129,9.484150285652856,5.162454596600734,5.162454596600734
5178.84186352,5.1624546,5.1624546,0.0,5.162454598292105,5.162560716651948e-05,90,9.637032424404786,5.162454598292105,5.162454598292105
5179.09186352,5.1624546,5.1624546,3.303234156031714e-08,5.162455034721845,5.191529413977035e-05,78,6.805218343510709,5.162455194517284,5.162454324906903
5179.34186352,5.1624546,5.1624546,1.1744137454721908e-08,5.162454944232892,5.180838463615681e-05,111,2.494782358245369,5.162455001045687,5.162454691869169
5179.59186352,5.1624546,5.1624546,1.1190935257230705e-07,5.162455612005939,5.256307104543661e-05,84,8.235042697764936,5.162456153372399,5.162453207243795
5179.84186352,4.96664276,4.8281399,0.005753430589532729,4.937515938976161,5.020269692755659e-05,120,8.861351410900417,4.966642589631878,4.828138211295839
5180.09186352,4.21306382,3.54153477,0.04059076598547322,3.9682288062131876,4.02541139580429e-05,114,6.491869649319715,4.213063019218106,3.5415351562168698
5180.34186352,3.65529673,2.58924434,0.08695660103263213,3.051039312569504,3.1122496989135255e-05,117,7.471699758581641,3.655297314657843,2.589244001333637
5180.59186352,3.65529673,2.58924434,0.08695656933693996,3.051038922705946,3.1091025568998176e-05,108,6.096040128834199,3.6552967384433632,2.5892438878185637
5180.84186352,3.65529673,2.58924434,0.086956625536172,3.051039154608843,3.1416402731635664e-05,102,8.389779859197237,3.655297340707043,2.58924378702998
5181.09186352,3.65529673,2.58924434,0.08695657899975079,3.051039284295007,3.1020777468524616e-05,105,8.605895131784179,3.655297135736373,2.5892440820398583
5181.34186352,3.65529673,2.58924434,0.08695644944450107,3.0510393112754373,3.114614455645952e-05,117,8.67744088818312,3.65529626009634,2.5892446836663283
5181.59186352,3.65529673,2.58924434,0.08695659475981463,3.0510395496815397,3.123472789165421e-05,111,7.732032532216764,3.655297487561861,2.5892441855219066
5181.84186352,3.65529673,2.58924434,0.08695660501124988,3.0510394670642245,3.1260989325411757e-05,111,8.013775109672887,3.655297483365485,2.5892440849936826
5182.09186352,3.65529673,2.58924434,0.08695646349465473,3.051038697395478,3.1346513226814245e-05,108,4.732547330462507,3.655295797231177,2.589244216675389
5182.34186352,3.65529673,2.58924434,0.08695650571919218,3.051038519683881,3.1405684802789895e-05,99,1.581848171379661,3.6552959283894353,2.589243909518338
5182.59186352,3.65529673,2.58924434,0.0869565620509494,3.051039540776331,3.098646492723868e-05,108,6.68590422645786,3.655297252138408,2.5892443270797676
5182.84186352,3.65529673,2.58924434,0.08695657175873903,3.05103889637112,3.1130364063236164e-05,108,6.057425341440396,3.6552967312275113,2.5892438595869187
5183.09186352,3.65529673,2.58924434,0.08695658809835935,3.051039205630757,3.108484281192824e-05,111,8.259212099897987,3.655297127138371,2.589243989306656
5183.34186352,3.65529673,2.58924434,0.08695646129488693,3.0510388835795803,3.120407690191117e-05,114,5.984434809904584,3.6552959519392667,2.5892443490184975
5183.59186352,3.65529673,2.58924434,0.08695655995396223,3.051038813328533,3.1125135323820134e-05,111,4.496033133500244,3.655296573375087,2.58924385818285
5183.84186352,3.94531514,2.54942277,0.11284246755401249,3.1751864834374333,3.253595469106299e-05,120,6.070938242729425,3.9453152812423307,2.5494221281030813
5184.09186352,5.06144666,2.39617005,0.20709989619539437,3.7715327567189347,3.867447285677276e-05,111,6.141334757775219,5.061447676258857,2.396169469546276
5184.34186352,5.88755976,2.2827389,0.27083339772346204,4.360081364923138,4.414689683114952e-05,114,4.735831024751001,5.887559691744875,2.2827385171999395
5184.59186352,5.88755976,2.2827389,0.2708334755928377,4.360081553722231,4.44967152624041e-05,123,5.298955993906702,5.887560268587796,2.282738242230873
5184.84186352,5.88755976,2.2827389,0.27083339723057626,4.360081134318737,4.419213897726063e-05,123,4.138332081212403,5.887559520816011,2.282738473088102
5185.09186352,5.88755976,2.2827389,0.2708331968574692,4.360082129037743,4.440294009891406e-05,111,5.203861614061501,5.887559116044023,2.2827394765539726
5185.34186352,5.88755976,2.2827389,0.2708334574767366,4.360082330438556,4.434153424917722e-05,123,5.1323407859332075,5.887560732770021,2.282738470223781
5185.59186352,5.88755976,2.2827389,0.2708333811338929,4.360083283747105,4.424390971786088e-05,129,2.096044801816334,5.8875609973234395,2.2827389673369427
5185.84186352,5.88755976,2.2827389,0.2708334482824279,4.360081581239167,4.4336126795776824e-05,120,5.166284385881466,5.887560134623742,2.2827383574026876
5186.09186352,5.88755976,2.2827389,0.27083336769281247,4.360083686858772,4.438207149593915e-05,120,1.0885741053006144,5.8875612154524415,2.282739101883418
5186.34186352,6.20575319,2.47362326,0.2524606863868929,4.924350277391237,4.988549699404385e-05,114,2.6886100586937793,6.205752290220488,2.4736228616549103
5186.59186352,7.43031583,3.20823885,0.19332039027488007,6.814490222678984,6.875121781686752e-05,141,0.533202424405336,7.4303142160551285,3.2082388282478713
5186.84186352,8.33668504,3.75197008,0.16197173843929386,8.015202507807471,8.090549172840014e-05,138,6.960244990861042,8.336683608067846,3.7519709457174657
5187.09186352,8.33668504,3.75197008,0.16197176313137018,8.01520540349262,8.095129128506193e-05,138,7.120761573852435,8.336686083742537,3.7519711732278616
5187.34186352,8.33668504,3.75197008,0.16197183042281735,8.015201362461061,8.08689855702119e-05,132,3.253866412440888,8.336682830803957,3.7519696020700035
5187.59186352,8.33668504,3.75197008,0.1619719059907444,8.015207663277577,8.107793900437119e-05,135,2.1537601950244176,8.33668826105233,3.7519698280316116
5187.84186352,8.33668504,3.75197008,0.16197182356478243,8.01520164758057,8.074379838819598e-05,141,2.580284266402839,8.33668305613032,3.7519697389246036
5188.09186352,8.33668504,3.75197008,0.16197170692425022,8.015200945782833,8.110453539317368e-05,138,4.666327831431177,8.336682236496026,3.7519710471752186
5188.34186352,8.33668504,3.75197008,0.16197190068953346,8.01520635397075,8.079412780833079e-05,141,3.8428467145973992,8.336687153294617,3.751969652917308
5188.59186352,8.33668504,3.75197008,0.16197169555049634,8.015201931427155,8.112999620545534e-05,138,6.409396940084547,8.336683039919249,3.7519713683068514
5188.84186352,8.33668504,3.75197008,0.16197174209506532,8.01520070314836,8.10474706169687e-05,135,2.9059435121751083,8.33668210296848,3.751970569281465
5189.09186352,8.33668504,3.75197008,0.16197190902364045,8.015204983642814,8.073572915204054e-05,135,7.1443334821075934,8.336686021462794,3.7519692985974102
5189.34186352,8.33668504,3.75197008,0.16197173428104603,8.015202207969171,8.090501175164756e-05,132,6.12426269020497,8.336683348541595,3.751970941891144
5189.59186352,8.33668504,3.75197008,0.1619717619645873,8.01520202642473,8.07776362887087e-05,132,4.252236564445143,8.336683251348457,3.751970567465913
5189.84186352,8.33668504,3.75197008,0.1619717849097516,8.015201704183868,8.074858198161226e-05,138,1.300176183026206,8.33668302684304,3.7519702255857275
5190.09186352,8.33668504,3.75197008,0.16197189905711945,8.015206940846335,8.091514280619045e-05,138,2.7653638434874477,8.336687641872842,3.751969780799201
5190.34186352,8.35019773,3.45971676,0.18704717440136337,7.970602059010092,8.06365673187351e-05,132,4.268760075891629,8.3501952096082,3.459715842585742
5190.59186352,8.40220113,2.33498422,0.3413037526890334,7.574296033000601,7.665276671810408e-05,117,0.19133347547814286,8.40219789985017,2.334984132758059
5190.84186352,8.44069183,1.50250501,0.6000000522091542,6.101720944420599,6.220733928493296e-05,120,0.41499497387022843,8.440688581294092,1.502504706395028
5191.09186352,8.44069183,1.50250501,0.5999999500545736,6.101735945165689,6.195606396594466e-05,120,0.4604002942256399,8.440694183365816,1.5025052630462887
5191.34186352,8.44069183,1.50250501,0.5999997313451712,6.101725965081223,6.211096458184968e-05,120,2.3452065469318732,8.440689338742345,1.5025054338109087
5191.59186352,8.44069183,1.50250501,0.5999998479154041,6.101735577905192,6.201173270344562e-05,117,1.3975624125727093,8.440693638296107,1.502505446930683
5191.84186352,8.44069183,1.50250501,0.6000001962395912,6.101729218176023,6.181131550362135e-05,117,2.5663413443952607,8.440692452265473,1.5025046352048623
5192.09186352,8.44069183,1.50250501,0.6000003230691586,6.101730733150143,6.215236118624725e-05,120,2.562996975055551,8.440693552670629,1.5025044325533818
5192.34186352,8.44069183,1.50250501,0.6000002129346175,6.101737139830428,6.224156490833402e-05,123,1.6082216987167883,8.440695686007283,1.5025047958248683
5192.59186352,8.44069183,1.50250501,0.5999999183160479,6.101736603142906,6.202965431696835e-05,129,0.6983982695012407,8.440694322831602,1.5025053389127325
5192.84186352,8.44069183,1.50250501,0.5999999749670443,6.10173933658358,6.226730327074126e-05,126,0.13573812699787063,8.440695637048446,1.502505298278711
5193.09186352,8.44069183,1.50250501,0.5999997723915046,6.101730397339263,6.19133859875547e-05,126,2.579586023348666,8.440691271656426,1.5025054638350397
5193.34186352,8.44069183,1.50250501,0.600000218818628,6.101737167826242,6.22531733964032e-05,123,1.6305371353876463,8.44069572014302,1.5025047853975715
5193.59186352,8.44069183,1.50250501,0.5999997493178727,6.101735142521255,6.215506891577787e-05,123,1.9735260817169078,8.440693079783173,1.5025056224778488
5193.84186352,8.44069183,1.50250501,0.5999997732456697,6.101731318724835,6.192784585970984e-05,126,2.4974805863853358,8.44069164354063,1.502505484570202
5194.09186352,8.44069183,1.50250501,0.5999998994351212,6.101735187716002,6.191782848222406e-05,129,1.0539574766850253,8.440693683057873,1.5025053402213555
5194.34186352,8.44069183,1.50250501,0.6000001556138259,6.101726508755101,6.181712769619105e-05,129,2.1596028919847203,8.440691210127293,1.5025046461729494
5194.59186352,8.44069183,1.50250501,0.5999998145998197,6.101731301748883,6.18512815188795e-05,129,2.576986666331016,8.440691797959833,1.5025054061007717
5194.84186352,8.44069183,1.50250501,0.5999997597112938,6.101729706279335,6.200076555876722e-05,129,2.844350655031116,8.440690945801409,1.5025054710083854
