DEPTH,GR,RHOZ,NPOR,PEFZ,Rv,Rh,Rvsh,Rhsh,WNAME,WIDX,Csh_pred,Rss_pred,Rv_sim,Rh_sim,Rv_err,Rh_err,Csh_q,Rss_q
5091.34186352,103.52541291,2.58911285,0.3472349,6.85803754,10.0,1.0,10.0,1.0,Synthetic2,4.0,1.0,3.907863,8.999045729637146,1.1392876298041263,10.00954270362854,13.928762980412635,1.0,0.9999999999999999
5091.59186352,105.56682273,2.59141585,0.3457627,6.88817309,10.0,1.0,10.0,1.0,Synthetic2,4.0,1.0,3.907863,8.999045729637146,1.1392876298041263,10.00954270362854,13.928762980412635,1.0,0.9999999999999999
5091.84186352,107.60823255,2.59371885,0.3442905,6.91830864,10.0,1.0,10.0,1.0,Synthetic2,4.0,1.0,3.907863,8.999045729637146,1.1392876298041263,10.00954270362854,13.928762980412635,1.0,0.9999999999999999
5092.09186352,109.50633654,2.59617893,0.34277568,6.94481575,10.0,1.0,10.0,1.0,Synthetic2,4.0,1.0,3.907863,8.999045729637146,1.1392876298041263,10.00954270362854,13.928762980412635,1.0,0.9999999999999999
5092.34186352,109.76834867,2.60043246,0.34077416,6.92989777,10.0,1.0,10.0,1.0,Synthetic2,4.0,1.0,3.907863,8.999045729637146,1.1392876298041263,10.00954270362854,13.928762980412635,1.0,0.9999999999999999
5092.59186352,110.0303608,2.60468599,0.33877265,6.91497979,10.0,1.0,10.0,1.0,Synthetic2,4.0,1.0,3.907863,8.999045729637146,1.1392876298041263,10.00954270362854,13.928762980412635,1.0,0.9999999999999999
5092.84186352,110.10205881,2.60769464,0.33695366,6.89857635,10.0,1.0,10.0,1.0,Synthetic2,4.0,1.0,3.907863,8.999045729637146,1.1392876298041263,10.00954270362854,13.928762980412635,1.0,0.9999999999999999
5093.09186352,108.00098138,2.59649082,0.33721855,6.8652138,10.0,1.0,10.0,1.0,Synthetic2,4.0,1.0,3.907863,8.999045729637146,1.1392876298041263,10.00954270362854,13.928762980412635,1.0,0.9999999999999999
5093.34186352,105.89990395,2.585287,0.33748344,6.83185126,10.0,1.0,10.0,1.0,Synthetic2,4.0,1.0,3.907863,8.999045729637146,1.1392876298041263,10.00954270362854,13.928762980412635,1.0,0.9999999999999999
5093.59186352,104.01243153,2.57441262,0.33768959,6.80287825,10.0,1.0,10.0,1.0,Synthetic2,4.0,1.0,3.907863,8.999045729637146,1.1392876298041263,10.00954270362854,13.928762980412635,1.0,0.9999999999999999
5093.84186352,104.56364144,2.56729938,0.33722519,6.82401968,10.0,1.0,10.0,1.0,Synthetic2,4.0,1.0,3.907863,8.999045729637146,1.1392876298041263,10.00954270362854,13.928762980412635,1.0,0.9999999999999999
5094.09186352,105.11485134,2.56018614,0.33676078,6.8451611,10.0,1.0,10.0,1.0,Synthetic2,4.0,1.0,3.907863,8.999045729637146,1.1392876298041263,10.00954270362854,13.928762980412635,1.0,0.9999999999999999
5094.34186352,105.73517423,2.55436005,0.33662487,6.86680018,10.0,1.0,10.0,1.0,Synthetic2,4.0,1.0,3.907863,8.999045729637146,1.1392876298041263,10.00954270362854,13.928762980412635,1.0,0.9999999999999999
5094.59186352,107.14454521,2.56322895,0.3402393,6.89412078,10.0,1.0,10.0,1.0,Synthetic2,4.0,1.0,3.907863,8.999045729637146,1.1392876298041263,10.00954270362854,13.928762980412635,1.0,0.9999999999999999
5094.84186352,108.55391619,2.57209785,0.34385373,6.92144139,10.0,1.0,10.0,1.0,Synthetic2,4.0,1.0,3.907863,8.999045729637146,1.1392876298041263,10.00954270362854,13.928762980412635,1.0,0.9999999999999999
5095.09186352,109.70771843,2.579993,0.34694029,6.94574977,10.0,1.0,10.0,1.0,Synthetic2,4.0,1.0,3.907863,8.999045729637146,1.1392876298041263,10.00954270362854,13.928762980412635,1.0,0.9999999999999999
5095.34186352,107.94374738,2.57677101,0.3440002,6.93566816,10.0,1.0,10.0,1.0,Synthetic2,4.0,1.0,3.907863,8.999045729637146,1.1392876298041263,10.00954270362854,13.928762980412635,1.0,0.9999999999999999
5095.59186352,106.17977634,2.57354902,0.34106012,6.92558656,10.0,1.0,10.0,1.0,Synthetic2,4.0,1.0,3.907863,8.999045729637146,1.1392876298041263,10.00954270362854,13.928762980412635,1.0,0.9999999999999999
5095.84186352,104.68599975,2.57122686,0.33813115,6.92037794,10.0,1.0,10.0,1.0,Synthetic2,4.0,1.0,3.907863,8.999045729637146,1.1392876298041263,10.00954270362854,13.928762980412635,1.0,0.9999999999999999
5096.09186352,106.276975,2.57917782,0.33532906,6.9708031,10.0,1.0,10.0,1.0,Synthetic2,4.0,1.0,3.907863,8.999045729637146,1.1392876298041263,10.00954270362854,13.928762980412635,1.0,0.9999999999999999
5096.34186352,107.86795025,2.58712878,0.33252697,7.02122826,10.0,1.0,10.0,1.0,Synthetic2,4.0,1.0,3.907863,8.999045729637146,1.1392876298041263,10.00954270362854,13.928762980412635,1.0,0.9999999999999999
5096.59186352,109.27984924,2.59326205,0.33013114,7.06795786,10.0,1.0,10.0,1.0,Synthetic2,4.0,1.0,3.907863,8.999045729637146,1.1392876298041263,10.00954270362854,13.928762980412635,1.0,0.9999999999999999
5096.84186352,108.64727319,2.57864318,0.33237354,7.07249601,10.0,1.0,10.0,1.0,Synthetic2,4.0,1.0,3.907863,8.999045729637146,1.1392876298041263,10.00954270362854,13.928762980412635,1.0,0.9999999999999999
5097.09186352,108.01469713,2.5640243,0.33461594,7.07703416,10.0,1.0,10.0,1.0,Synthetic2,4.0,1.0,3.907863,8.999045729637146,1.1392876298041263,10.00954270362854,13.928762980412635,1.0,0.9999999999999999
5097.34186352,107.38969214,2.5518924,0.33692479,7.07513353,10.0,1.0,10.0,1.0,Synthetic2,4.0,1.0,3.907863,8.999045729637146,1.1392876298041263,10.00954270362854,13.928762980412635,1.0,0.9999999999999999
5097.59186352,106.85112429,2.56815381,0.3399922,6.99972266,10.0,1.0,10.0,1.0,Synthetic2,4.0,1.0,3.907863,8.999045729637146,1.1392876298041263,10.00954270362854,13.928762980412635,1.0,0.9999999999999999
5097.84186352,106.31255645,2.58441522,0.34305962,6.9243118,10.0,1.0,10.0,1.0,Synthetic2,4.0,1.0,3.907863,8.999045729637146,1.1392876298041263,10.00954270362854,13.928762980412635,1.0,0.9999999999999999
5098.09186352,105.79417165,2.59935997,0.34584471,6.85490979,10.0,1.0,10.0,1.0,Synthetic2,4.0,1.0,3.907863,8.999045729637146,1.1392876298041263,10.00954270362854,13.928762980412635,1.0,0.9999999999999999
5098.34186352,105.50621234,2.59927265,0.34540655,6.85410967,10.0,1.0,10.0,1.0,Synthetic2,4.0,1.0,3.907863,8.999045729637146,1.1392876298041263,10.00954270362854,13.928762980412635,1.0,0.9999999999999999
5098.59186352,105.21825303,2.59918534,0.34496839,6.85330954,10.0,1.0,10.0,1.0,Synthetic2,4.0,1.0,3.907863,8.999045729637146,1.1392876298041263,10.00954270362854,13.928762980412635,1.0,0.9999999999999999
5098.84186352,105.06961326,2.59821952,0.34445946,6.8528535,10.0,1.0,10.0,1.0,Synthetic2,4.0,1.0,3.907863,8.999045729637146,1.1392876298041263,10.00954270362854,13.928762980412635,1.0,0.9999999999999999
5099.09186352,106.51155466,2.58722402,0.34314249,6.8563257,10.0,1.0,10.0,1.0,Synthetic2,4.0,1.0,3.907863,8.999045729637146,1.1392876298041263,10.00954270362854,13.928762980412635,1.0,0.9999999999999999
5099.34186352,107.95349606,2.57622851,0.34182553,6.85979791,10.0,1.0,10.0,1.0,Synthetic2,4.0,1.0,3.907863,8.999045729637146,1.1392876298041263,10.00954270362854,13.928762980412635,1.0,0.9999999999999999
5099.59186352,109.22225922,2.56637765,0.34080332,6.86254915,10.0,1.0,10.0,1.0,Synthetic2,4.0,1.0,3.907863,8.999045729637146,1.1392876298041263,10.00954270362854,13.928762980412635,1.0,0.9999999999999999
5099.84186352,108.51388361,2.56959499,0.34314619,6.85706922,10.0,1.0,10.0,1.0,Synthetic2,4.0,1.0,3.907863,8.999045729637146,1.1392876298041263,10.00954270362854,13.928762980412635,1.0,0.9999999999999999
5100.09186352,107.805508,2.57281233,0.34548906,6.8515893,10.0,1.0,10.0,1.0,Synthetic2,4.0,1.0,3.907863,8.999045729637146,1.1392876298041263,10.00954270362854,13.928762980412635,1.0,0.9999999999999999
5100.34186352,106.99605792,2.57607061,0.34724693,6.84138981,10.0,1.0,10.0,1.0,Synthetic2,4.0,1.0,3.907863,8.999045729637146,1.1392876298041263,10.00954270362854,13.928762980412635,1.0,0.9999999999999999
5100.59186352,105.03266233,2.57979621,0.34232605,6.77730806,10.0,1.0,10.0,1.0,Synthetic2,4.0,1.0,3.907863,8.999045729637146,1.1392876298041263,10.00954270362854,13.928762980412635,1.0,0.9999999999999999
5100.84186352,103.06926674,2.58352181,0.33740518,6.71322631,9.89485285,1.00648727,10.0,1.0,Synthetic2,4.0,0.99444216,3.9056714,8.970395743846893,1.1437570100189254,9.34280802521592,13.6384973869491,1.0,0.9869064849304741
5101.09186352,101.1837112,2.58745388,0.33284307,6.65202723,9.49019562,1.03145342,10.0,1.0,Synthetic2,4.0,0.9704977,3.8943317,8.846374332904816,1.1633667667389649,6.784067609084586,12.789074540948715,1.0,0.9368069916857211
5101.34186352,100.18683868,2.59374305,0.332377,6.62373904,9.19068554,1.0499323,10.0,1.0,Synthetic2,4.0,0.94985735,3.8823211,8.738641440868378,1.1807413722760665,4.918502511746505,12.458810180053172,1.0,0.9000000003142437
5101.59186352,99.18996616,2.60003223,0.33191093,6.59545085,9.19068554,1.0499323,10.0,1.0,Synthetic2,4.0,0.94985735,3.8823211,8.738641440868378,1.1807413722760665,4.918502511746505,12.458810180053172,1.0,0.9000000003142437
5101.84186352,98.2032275,2.60432094,0.33129151,6.56833783,9.19068554,1.0499323,10.0,1.0,Synthetic2,4.0,0.94985735,3.8823211,8.738641440868378,1.1807413722760665,4.918502511746505,12.458810180053172,1.0,0.9000000003142437
5102.09186352,97.33218502,2.58577079,0.32892123,6.55464149,9.19068554,1.0499323,10.0,1.0,Synthetic2,4.0,0.94985735,3.8823211,8.738641440868378,1.1807413722760665,4.918502511746505,12.458810180053172,1.0,0.9000000003142437
5102.34186352,96.46114254,2.56722063,0.32655095,6.54094514,9.19068554,1.0499323,10.0,1.0,Synthetic2,4.0,0.94985735,3.8823211,8.738641440868378,1.1807413722760665,4.918502511746505,12.458810180053172,1.0,0.9000000003142437
5102.59186352,95.71393582,2.550837,0.32433528,6.52479734,9.19068554,1.0499323,10.0,1.0,Synthetic2,4.0,0.94985735,3.8823211,8.738641440868378,1.1807413722760665,4.918502511746505,12.458810180053172,1.0,0.9000000003142437
5102.84186352,96.38053533,2.55918822,0.32388464,6.48066176,9.19068554,1.0499323,10.0,1.0,Synthetic2,4.0,0.94985735,3.8823211,8.738641440868378,1.1807413722760665,4.918502511746505,12.458810180053172,1.0,0.9000000003142437
5103.09186352,97.04713484,2.56753943,0.323434,6.43652618,9.19068554,1.0499323,10.0,1.0,Synthetic2,4.0,0.94985735,3.8823211,8.738641440868378,1.1807413722760665,4.918502511746505,12.458810180053172,1.0,0.9000000003142437
5103.34186352,97.7323469,2.57413576,0.32308456,6.3948955,9.19068554,1.0499323,10.0,1.0,Synthetic2,4.0,0.94985735,3.8823211,8.738641440868378,1.1807413722760665,4.918502511746505,12.458810180053172,1.0,0.9000000003142437
5103.59186352,98.63005453,2.56069694,0.32389056,6.38186274,9.19068554,1.0499323,10.0,1.0,Synthetic2,4.0,0.94985735,3.8823211,8.738641440868378,1.1807413722760665,4.918502511746505,12.458810180053172,1.0,0.9000000003142437
5103.84186352,99.52776215,2.54725812,0.32469656,6.36882997,9.19068554,1.0499323,10.0,1.0,Synthetic2,4.0,0.94985735,3.8823211,8.738641440868378,1.1807413722760665,4.918502511746505,12.458810180053172,1.0,0.9000000003142437
5104.09186352,100.30089158,2.53522998,0.32558776,6.35604171,9.19068554,1.0499323,10.0,1.0,Synthetic2,4.0,0.94985735,3.8823211,8.738641440868378,1.1807413722760665,4.918502511746505,12.458810180053172,1.0,0.9000000003142437
5104.34186352,99.6517386,2.53930723,0.32745176,6.34604488,9.19068554,1.0499323,10.0,1.0,Synthetic2,4.0,0.94985735,3.8823211,8.738641440868378,1.1807413722760665,4.918502511746505,12.458810180053172,1.0,0.9000000003142437
5104.59186352,99.00258563,2.54338448,0.32931575,6.33604805,9.19068554,1.0499323,10.0,1.0,Synthetic2,4.0,0.94985735,3.8823211,8.738641440868378,1.1807413722760665,4.918502511746505,12.458810180053172,1.0,0.9000000003142437
5104.84186352,98.33566386,2.54696736,0.33124272,6.32514384,9.19068554,1.0499323,10.0,1.0,Synthetic2,4.0,0.94985735,3.8823211,8.738641440868378,1.1807413722760665,4.918502511746505,12.458810180053172,1.0,0.9000000003142437
5105.09186352,97.46587971,2.54490609,0.33388855,6.30388031,9.19068554,1.0499323,10.0,1.0,Synthetic2,4.0,0.94985735,3.8823211,8.738641440868378,1.1807413722760665,4.918502511746505,12.458810180053172,1.0,0.9000000003142437
5105.34186352,96.59609555,2.54284481,0.33653438,6.28261678,9.19068554,1.0499323,10.0,1.0,Synthetic2,4.0,0.94985735,3.8823211,8.738641440868378,1.1807413722760665,4.918502511746505,12.458810180053172,1.0,0.9000000003142437
5105.59186352,95.74983002,2.54060474,0.33877706,6.25804801,9.19068554,1.0499323,10.0,1.0,Synthetic2,4.0,0.94985735,3.8823211,8.738641440868378,1.1807413722760665,4.918502511746505,12.458810180053172,1.0,0.9000000003142437
5105.84186352,95.17207156,2.53632341,0.33641703,6.19574408,9.19068554,1.0499323,10.0,1.0,Synthetic2,4.0,0.94985735,3.8823211,8.738641440868378,1.1807413722760665,4.918502511746505,12.458810180053172,1.0,0.9000000003142437
5106.09186352,94.5943131,2.53204209,0.334057,6.13344015,9.19068554,1.0499323,10.0,1.0,Synthetic2,4.0,0.94985735,3.8823211,8.738641440868378,1.1807413722760665,4.918502511746505,12.458810180053172,1.0,0.9000000003142437
5106.34186352,93.89605424,2.52709533,0.33152375,6.07164708,9.07724373,1.05383154,10.0,1.0,Synthetic2,4.0,0.94174725,3.8726804,8.695149004459381,1.1876017446485256,4.20936946176522,12.693699094309288,1.0,0.8871053798052867
5106.59186352,91.82206825,2.51455148,0.32701304,6.01568638,8.64066464,1.06883771,10.0,1.0,Synthetic2,4.0,0.9069179,3.8289068,8.506310105323792,1.2177757402336398,1.5549097236599747,13.934578546413734,1.0,0.8371262831964847
5106.84186352,89.74808226,2.50200763,0.32250233,5.95972568,8.31752736,1.07994464,10.0,1.0,Synthetic2,4.0,0.87714255,3.788487,8.342053532600403,1.244494377538475,0.294873362465298,15.236867839676952,1.0,0.7999999984361207
5107.09186352,87.96931642,2.48973601,0.31836925,5.90984945,8.31752736,1.07994464,10.0,1.0,Synthetic2,4.0,0.87714255,3.788487,8.342053532600403,1.244494377538475,0.294873362465298,15.236867839676952,1.0,0.7999999984361207
5107.34186352,89.56101546,2.48057232,0.31854746,5.92943826,8.31752736,1.07994464,10.0,1.0,Synthetic2,4.0,0.87714255,3.788487,8.342053532600403,1.244494377538475,0.294873362465298,15.236867839676952,1.0,0.7999999984361207
5107.59186352,91.15271449,2.47140862,0.31872567,5.94902708,8.31752736,1.07994464,10.0,1.0,Synthetic2,4.0,0.87714255,3.788487,8.342053532600403,1.244494377538475,0.294873362465298,15.236867839676952,1.0,0.7999999984361207
5107.84186352,92.37546775,2.4631329,0.31878048,5.9636315,8.31752736,1.07994464,10.0,1.0,Synthetic2,4.0,0.87714255,3.788487,8.342053532600403,1.244494377538475,0.294873362465298,15.236867839676952,1.0,0.7999999984361207
5108.09186352,89.38604653,2.4649949,0.31742652,5.92133006,8.31752736,1.07994464,10.0,1.0,Synthetic2,4.0,0.87714255,3.788487,8.342053532600403,1.244494377538475,0.294873362465298,15.236867839676952,1.0,0.7999999984361207
5108.34186352,86.39662531,2.46685691,0.31607256,5.87902862,8.2119951,1.08758905,10.0,1.0,Synthetic2,4.0,0.8658492,3.7791915,8.280895352363586,1.2550579236990227,0.8390196477782494,15.398175781470275,1.0,0.786946307067236
5108.59186352,83.54907928,2.46851354,0.31476182,5.83104065,7.80585577,1.11700844,10.0,1.0,Synthetic2,4.0,0.81804615,3.7348344,8.018495202064514,1.3013907945394843,2.7241014736878,16.506800480351274,1.0,0.7368690815381744
5108.84186352,82.32129179,2.46782551,0.31394445,5.71813071,7.5052487,1.13878343,10.0,1.0,Synthetic2,4.0,0.7782135,3.6916656,7.794971346855164,1.342026114178499,3.8602671068736667,17.847351728545885,1.0,0.6999999989521563
5109.09186352,81.09350429,2.46713749,0.31312708,5.60522078,7.5052487,1.13878343,10.0,1.0,Synthetic2,4.0,0.7782135,3.6916656,7.794971346855164,1.342026114178499,3.8602671068736667,17.847351728545885,1.0,0.6999999989521563
5109.34186352,80.01803858,2.46594945,0.31253501,5.50300327,7.5052487,1.13878343,10.0,1.0,Synthetic2,4.0,0.7782135,3.6916656,7.794971346855164,1.342026114178499,3.8602671068736667,17.847351728545885,1.0,0.6999999989521563
5109.59186352,80.68159784,2.45905297,0.31451523,5.52285893,7.5052487,1.13878343,10.0,1.0,Synthetic2,4.0,0.7782135,3.6916656,7.794971346855164,1.342026114178499,3.8602671068736667,17.847351728545885,1.0,0.6999999989521563
5109.84186352,81.3451571,2.45215649,0.31649544,5.5427146,7.5052487,1.13878343,10.0,1.0,Synthetic2,4.0,0.7782135,3.6916656,7.794971346855164,1.342026114178499,3.8602671068736667,17.847351728545885,1.0,0.6999999989521563
5110.09186352,81.88629733,2.44588489,0.31822555,5.55899972,7.5052487,1.13878343,10.0,1.0,Synthetic2,4.0,0.7782135,3.6916656,7.794971346855164,1.342026114178499,3.8602671068736667,17.847351728545885,1.0,0.6999999989521563
5110.34186352,81.02980585,2.44674741,0.3171002,5.53452072,7.5052487,1.13878343,10.0,1.0,Synthetic2,4.0,0.7782135,3.6916656,7.794971346855164,1.342026114178499,3.8602671068736667,17.847351728545885,1.0,0.6999999989521563
5110.59186352,80.17331437,2.44760993,0.31597486,5.51004173,7.5052487,1.13878343,10.0,1.0,Synthetic2,4.0,0.7782135,3.6916656,7.794971346855164,1.342026114178499,3.8602671068736667,17.847351728545885,1.0,0.6999999989521563
5110.84186352,79.42212508,2.44876016,0.31499573,5.48511052,7.5052487,1.13878343,10.0,1.0,Synthetic2,4.0,0.7782135,3.6916656,7.794971346855164,1.342026114178499,3.8602671068736667,17.847351728545885,1.0,0.6999999989521563
5111.09186352,79.87314829,2.45319509,0.31568596,5.45501643,7.5052487,1.13878343,10.0,1.0,Synthetic2,4.0,0.7782135,3.6916656,7.794971346855164,1.342026114178499,3.8602671068736667,17.847351728545885,1.0,0.6999999989521563
5111.34186352,80.3241715,2.45763002,0.3163762,5.42492234,7.5052487,1.13878343,10.0,1.0,Synthetic2,4.0,0.7782135,3.6916656,7.794971346855164,1.342026114178499,3.8602671068736667,17.847351728545885,1.0,0.6999999989521563
5111.59186352,80.76645938,2.4618205,0.3169457,5.39887097,7.5052487,1.13878343,10.0,1.0,Synthetic2,4.0,0.7782135,3.6916656,7.794971346855164,1.342026114178499,3.8602671068736667,17.847351728545885,1.0,0.6999999989521563
5111.84186352,81.10901792,2.46322009,0.31613691,5.41897436,7.5052487,1.13878343,10.0,1.0,Synthetic2,4.0,0.7782135,3.6916656,7.794971346855164,1.342026114178499,3.8602671068736667,17.847351728545885,1.0,0.6999999989521563
5112.09186352,81.45157645,2.46461968,0.31532812,5.43907776,7.5052487,1.13878343,10.0,1.0,Synthetic2,4.0,0.7782135,3.6916656,7.794971346855164,1.342026114178499,3.8602671068736667,17.847351728545885,1.0,0.6999999989521563
5112.34186352,81.78195225,2.46507238,0.31431513,5.45543971,7.5052487,1.13878343,10.0,1.0,Synthetic2,4.0,0.7782135,3.6916656,7.794971346855164,1.342026114178499,3.8602671068736667,17.847351728545885,1.0,0.6999999989521563
5112.59186352,81.97324042,2.4547146,0.31097083,5.42908645,7.5052487,1.13878343,10.0,1.0,Synthetic2,4.0,0.7782135,3.6916656,7.794971346855164,1.342026114178499,3.8602671068736667,17.847351728545885,1.0,0.6999999989521563
5112.84186352,82.16452858,2.44435682,0.30762653,5.4027332,7.5052487,1.13878343,10.0,1.0,Synthetic2,4.0,0.7782135,3.6916656,7.794971346855164,1.342026114178499,3.8602671068736667,17.847351728545885,1.0,0.6999999989521563
5113.09186352,82.09677144,2.43447451,0.30463475,5.37437417,7.5052487,1.13878343,10.0,1.0,Synthetic2,4.0,0.7782135,3.6916656,7.794971346855164,1.342026114178499,3.8602671068736667,17.847351728545885,1.0,0.6999999989521563
5113.34186352,79.07154992,2.43002067,0.30566751,5.32311566,7.40271554,1.14860861,10.0,1.0,Synthetic2,4.0,0.7631581,3.6781025,7.710735321044922,1.3580768698888428,4.160902568531249,18.236695952404787,1.0,0.6869125258870857
5113.59186352,76.0463284,2.42556683,0.30670028,5.27185715,7.00811822,1.18642065,10.0,1.0,Synthetic2,4.0,0.7012539,3.6131988,7.357013702392578,1.4271237682608637,4.978447443949912,20.288176732330445,1.0,0.6367978724614906
5113.84186352,73.23439353,2.42182239,0.30730081,5.22011985,6.71605405,1.21440751,10.0,1.0,Synthetic2,4.0,0.6520847,3.5500922,7.066021800041199,1.4853390394100472,5.2109132451249165,22.309770581873885,1.0,0.5999999995667236
5114.09186352,72.85750632,2.42617697,0.30296667,5.16291639,6.71605405,1.21440751,10.0,1.0,Synthetic2,4.0,0.6520847,3.5500922,7.066021800041199,1.4853390394100472,5.2109132451249165,22.309770581873885,1.0,0.5999999995667236
5114.34186352,72.48061911,2.43053154,0.29863252,5.10571293,6.71605405,1.21440751,10.0,1.0,Synthetic2,4.0,0.6520847,3.5500922,7.066021800041199,1.4853390394100472,5.2109132451249165,22.309770581873885,1.0,0.5999999995667236
5114.59186352,72.12235679,2.43429033,0.29484014,5.05199249,6.71605405,1.21440751,10.0,1.0,Synthetic2,4.0,0.6520847,3.5500922,7.066021800041199,1.4853390394100472,5.2109132451249165,22.309770581873885,1.0,0.5999999995667236
5114.84186352,71.97673073,2.43124704,0.29723295,5.03803683,6.71605405,1.21440751,10.0,1.0,Synthetic2,4.0,0.6520847,3.5500922,7.066021800041199,1.4853390394100472,5.2109132451249165,22.309770581873885,1.0,0.5999999995667236
5115.09186352,71.83110467,2.42820376,0.29962576,5.02408117,6.71605405,1.21440751,10.0,1.0,Synthetic2,4.0,0.6520847,3.5500922,7.066021800041199,1.4853390394100472,5.2109132451249165,22.309770581873885,1.0,0.5999999995667236
5115.34186352,71.71109734,2.42443374,0.30184934,5.01033872,6.71605405,1.21440751,10.0,1.0,Synthetic2,4.0,0.6520847,3.5500922,7.066021800041199,1.4853390394100472,5.2109132451249165,22.309770581873885,1.0,0.5999999995667236
5115.59186352,71.88357357,2.41236668,0.30214086,4.99903039,6.71605405,1.21440751,10.0,1.0,Synthetic2,4.0,0.6520847,3.5500922,7.066021800041199,1.4853390394100472,5.2109132451249165,22.309770581873885,1.0,0.5999999995667236
5115.84186352,72.0560498,2.40029963,0.30243238,4.98772207,6.71605405,1.21440751,10.0,1.0,Synthetic2,4.0,0.6520847,3.5500922,7.066021800041199,1.4853390394100472,5.2109132451249165,22.309770581873885,1.0,0.5999999995667236
5116.09186352,72.2334335,2.39061551,0.30275521,4.98047537,6.71605405,1.21440751,10.0,1.0,Synthetic2,4.0,0.6520847,3.5500922,7.066021800041199,1.4853390394100472,5.2109132451249165,22.309770581873885,1.0,0.5999999995667236
5116.34186352,72.46684471,2.40813682,0.30343545,5.01959937,6.71605405,1.21440751,10.0,1.0,Synthetic2,4.0,0.6520847,3.5500922,7.066021800041199,1.4853390394100472,5.2109132451249165,22.309770581873885,1.0,0.5999999995667236
5116.59186352,72.70025592,2.42565813,0.30411569,5.05872338,6.71605405,1.21440751,10.0,1.0,Synthetic2,4.0,0.6520847,3.5500922,7.066021800041199,1.4853390394100472,5.2109132451249165,22.309770581873885,1.0,0.5999999995667236
5116.84186352,72.87576228,2.44088241,0.30440022,5.09327774,6.71605405,1.21440751,10.0,1.0,Synthetic2,4.0,0.6520847,3.5500922,7.066021800041199,1.4853390394100472,5.2109132451249165,22.309770581873885,1.0,0.5999999995667236
5117.09186352,72.39018146,2.42988195,0.30016703,5.07566148,6.71605405,1.21440751,10.0,1.0,Synthetic2,4.0,0.6520847,3.5500922,7.066021800041199,1.4853390394100472,5.2109132451249165,22.309770581873885,1.0,0.5999999995667236
5117.34186352,71.90460063,2.41888149,0.29593384,5.05804521,6.71605405,1.21440751,10.0,1.0,Synthetic2,4.0,0.6520847,3.5500922,7.066021800041199,1.4853390394100472,5.2109132451249165,22.309770581873885,1.0,0.5999999995667236
5117.59186352,71.44431482,2.40797853,0.2920995,5.03249944,6.71605405,1.21440751,10.0,1.0,Synthetic2,4.0,0.6520847,3.5500922,7.066021800041199,1.4853390394100472,5.2109132451249165,22.309770581873885,1.0,0.5999999995667236
5117.84186352,71.27281672,2.3981886,0.29281874,4.91642427,6.71605405,1.21440751,10.0,1.0,Synthetic2,4.0,0.6520847,3.5500922,7.066021800041199,1.4853390394100472,5.2109132451249165,22.309770581873885,1.0,0.5999999995667236
5118.09186352,71.10131861,2.38839867,0.29353799,4.80034909,6.71605405,1.21440751,10.0,1.0,Synthetic2,4.0,0.6520847,3.5500922,7.066021800041199,1.4853390394100472,5.2109132451249165,22.309770581873885,1.0,0.5999999995667236
5118.34186352,70.78001276,2.37830366,0.29421831,4.68732895,6.6025064,1.21966686,10.0,1.0,Synthetic2,4.0,0.63420254,3.5133102,6.952408194541931,1.5062417393496907,5.299529804953024,23.496160201457858,1.0,0.5870128940127681
5118.59186352,68.74838423,2.36472561,0.29445422,4.60918754,6.16551996,1.2399074,10.0,1.0,Synthetic2,4.0,0.56452197,3.3491945,6.4882373213768005,1.588220867398163,5.234227826209168,28.09189358803431,1.0,0.5370128870281634
5118.84186352,66.7167557,2.35114756,0.29469012,4.53104613,5.84208117,1.25488859,10.0,1.0,Synthetic2,4.0,0.513826,3.2026374,6.123037755489349,1.6454707033092788,4.809186611992062,31.12484378468043,1.0,0.49999999899545317
5119.09186352,64.81106089,2.33915199,0.29489864,4.46120296,5.84208117,1.25488859,10.0,1.0,Synthetic2,4.0,0.513826,3.2026374,6.123037755489349,1.6454707033092788,4.809186611992062,31.12484378468043,1.0,0.49999999899545317
5119.34186352,64.34312423,2.34522327,0.2947944,4.48609893,5.84208117,1.25488859,10.0,1.0,Synthetic2,4.0,0.513826,3.2026374,6.123037755489349,1.6454707033092788,4.809186611992062,31.12484378468043,1.0,0.49999999899545317
5119.59186352,63.87518756,2.35129455,0.29469017,4.5109949,5.84208117,1.25488859,10.0,1.0,Synthetic2,4.0,0.513826,3.2026374,6.123037755489349,1.6454707033092788,4.809186611992062,31.12484378468043,1.0,0.49999999899545317
5119.84186352,63.47066935,2.35699063,0.29468907,4.5340687,5.84208117,1.25488859,10.0,1.0,Synthetic2,4.0,0.513826,3.2026374,6.123037755489349,1.6454707033092788,4.809186611992062,31.12484378468043,1.0,0.49999999899545317
5120.09186352,63.79018595,2.35840298,0.29586548,4.5363393,5.84208117,1.25488859,10.0,1.0,Synthetic2,4.0,0.513826,3.2026374,6.123037755489349,1.6454707033092788,4.809186611992062,31.12484378468043,1.0,0.49999999899545317
5120.34186352,64.10970256,2.35981533,0.29704188,4.53860989,5.84208117,1.25488859,10.0,1.0,Synthetic2,4.0,0.513826,3.2026374,6.123037755489349,1.6454707033092788,4.809186611992062,31.12484378468043,1.0,0.49999999899545317
5120.59186352,64.42784336,2.36101854,0.29811617,4.53897594,5.84208117,1.25488859,10.0,1.0,Synthetic2,4.0,0.513826,3.2026374,6.123037755489349,1.6454707033092788,4.809186611992062,31.12484378468043,1.0,0.49999999899545317
5120.84186352,64.73027688,2.35983413,0.29802465,4.51759815,5.84208117,1.25488859,10.0,1.0,Synthetic2,4.0,0.513826,3.2026374,6.123037755489349,1.6454707033092788,4.809186611992062,31.12484378468043,1.0,0.49999999899545317
5121.09186352,65.03271041,2.35864972,0.29793312,4.49622036,5.84208117,1.25488859,10.0,1.0,Synthetic2,4.0,0.513826,3.2026374,6.123037755489349,1.6454707033092788,4.809186611992062,31.12484378468043,1.0,0.49999999899545317
5121.34186352,65.3106875,2.35723885,0.29782689,4.47647087,5.84208117,1.25488859,10.0,1.0,Synthetic2,4.0,0.513826,3.2026374,6.123037755489349,1.6454707033092788,4.809186611992062,31.12484378468043,1.0,0.49999999899545317
5121.59186352,65.30945074,2.35324257,0.29755277,4.47531135,5.84208117,1.25488859,10.0,1.0,Synthetic2,4.0,0.513826,3.2026374,6.123037755489349,1.6454707033092788,4.809186611992062,31.12484378468043,1.0,0.49999999899545317
5121.84186352,65.30821398,2.34924628,0.29727864,4.47415183,5.84208117,1.25488859,10.0,1.0,Synthetic2,4.0,0.513826,3.2026374,6.123037755489349,1.6454707033092788,4.809186611992062,31.12484378468043,1.0,0.49999999899545317
5122.09186352,65.23909811,2.34459799,0.29693949,4.4683318,5.84208117,1.25488859,10.0,1.0,Synthetic2,4.0,0.513826,3.2026374,6.123037755489349,1.6454707033092788,4.809186611992062,31.12484378468043,1.0,0.49999999899545317
5122.34186352,64.39502115,2.33250585,0.29585793,4.40930371,5.84208117,1.25488859,10.0,1.0,Synthetic2,4.0,0.513826,3.2026374,6.123037755489349,1.6454707033092788,4.809186611992062,31.12484378468043,1.0,0.49999999899545317
5122.59186352,63.55094419,2.32041371,0.29477637,4.35027562,5.84208117,1.25488859,10.0,1.0,Synthetic2,4.0,0.513826,3.2026374,6.123037755489349,1.6454707033092788,4.809186611992062,31.12484378468043,1.0,0.49999999899545317
5122.84186352,62.5936628,2.31085566,0.29393599,4.28790329,5.72651633,1.25886292,10.0,1.0,Synthetic2,4.0,0.49674824,3.1428905,5.991153359413147,1.662816775550674,4.621256871769839,32.088788154207755,1.0,0.4870332055949214
5123.09186352,60.34395083,2.33022884,0.29584903,4.18735042,5.28176679,1.27415809,10.0,1.0,Synthetic2,4.0,0.43600312,2.8858442,5.4799386858940125,1.7099766762979232,3.752000112333862,34.20443583244236,1.0,0.4370528972393736
5123.34186352,58.09423886,2.34960203,0.29776208,4.08679754,4.95258209,1.28547892,10.0,1.0,Synthetic2,4.0,0.39794663,2.668876,5.109062850475311,1.715777809174154,3.159579339255563,33.47381917193585,1.0,0.4000000000647975
5123.59186352,55.99895187,2.36695331,0.29928163,3.99291975,4.95258209,1.28547892,10.0,1.0,Synthetic2,4.0,0.39794663,2.668876,5.109062850475311,1.715777809174154,3.159579339255563,33.47381917193585,1.0,0.4000000000647975
5123.84186352,55.66670155,2.36122094,0.2963088,3.97524988,4.95258209,1.28547892,10.0,1.0,Synthetic2,4.0,0.39794663,2.668876,5.109062850475311,1.715777809174154,3.159579339255563,33.47381917193585,1.0,0.4000000000647975
5124.09186352,55.33445122,2.35548858,0.29333598,3.95758001,4.95258209,1.28547892,10.0,1.0,Synthetic2,4.0,0.39794663,2.668876,5.109062850475311,1.715777809174154,3.159579339255563,33.47381917193585,1.0,0.4000000000647975
5124.34186352,55.05421465,2.34909314,0.2905994,3.94201687,4.95258209,1.28547892,10.0,1.0,Synthetic2,4.0,0.39794663,2.668876,5.109062850475311,1.715777809174154,3.159579339255563,33.47381917193585,1.0,0.4000000000647975
5124.59186352,55.36780787,2.33512747,0.29056008,3.95050576,4.95258209,1.28547892,10.0,1.0,Synthetic2,4.0,0.39794663,2.668876,5.109062850475311,1.715777809174154,3.159579339255563,33.47381917193585,1.0,0.4000000000647975
5124.84186352,55.68140109,2.3211618,0.29052075,3.95899465,4.95258209,1.28547892,10.0,1.0,Synthetic2,4.0,0.39794663,2.668876,5.109062850475311,1.715777809174154,3.159579339255563,33.47381917193585,1.0,0.4000000000647975
5125.09186352,55.94908915,2.30825525,0.29040051,3.968253,4.95258209,1.28547892,10.0,1.0,Synthetic2,4.0,0.39794663,2.668876,5.109062850475311,1.715777809174154,3.159579339255563,33.47381917193585,1.0,0.4000000000647975
5125.34186352,55.69268784,2.30744046,0.28935657,3.98629603,4.95258209,1.28547892,10.0,1.0,Synthetic2,4.0,0.39794663,2.668876,5.109062850475311,1.715777809174154,3.159579339255563,33.47381917193585,1.0,0.4000000000647975
5125.59186352,55.43628653,2.30662567,0.28831263,4.00433906,4.95258209,1.28547892,10.0,1.0,Synthetic2,4.0,0.39794663,2.668876,5.109062850475311,1.715777809174154,3.159579339255563,33.47381917193585,1.0,0.4000000000647975
5125.84186352,55.20454508,2.30612003,0.28737208,4.02006702,4.95258209,1.28547892,10.0,1.0,Synthetic2,4.0,0.39794663,2.668876,5.109062850475311,1.715777809174154,3.159579339255563,33.47381917193585,1.0,0.4000000000647975
5126.09186352,55.25433993,2.30914384,0.28761198,4.00936421,4.95258209,1.28547892,10.0,1.0,Synthetic2,4.0,0.39794663,2.668876,5.109062850475311,1.715777809174154,3.159579339255563,33.47381917193585,1.0,0.4000000000647975
5126.34186352,55.30413478,2.31216765,0.28785187,3.99866141,4.95258209,1.28547892,10.0,1.0,Synthetic2,4.0,0.39794663,2.668876,5.109062850475311,1.715777809174154,3.159579339255563,33.47381917193585,1.0,0.4000000000647975
5126.59186352,55.37863467,2.31468358,0.28811666,3.98785719,4.95258209,1.28547892,10.0,1.0,Synthetic2,4.0,0.39794663,2.668876,5.109062850475311,1.715777809174154,3.159579339255563,33.47381917193585,1.0,0.4000000000647975
5126.84186352,55.73518673,2.31140113,0.28866557,3.9758951,4.95258209,1.28547892,10.0,1.0,Synthetic2,4.0,0.39794663,2.668876,5.109062850475311,1.715777809174154,3.159579339255563,33.47381917193585,1.0,0.4000000000647975
5127.09186352,56.0917388,2.30811867,0.28921448,3.96393301,4.95258209,1.28547892,10.0,1.0,Synthetic2,4.0,0.39794663,2.668876,5.109062850475311,1.715777809174154,3.159579339255563,33.47381917193585,1.0,0.4000000000647975
5127.34186352,56.28431589,2.3043543,0.28937127,3.94617874,4.95258209,1.28547892,10.0,1.0,Synthetic2,4.0,0.39794663,2.668876,5.109062850475311,1.715777809174154,3.159579339255563,33.47381917193585,1.0,0.4000000000647975
5127.59186352,54.60482604,2.29508803,0.28505116,3.86229644,4.95258209,1.28547892,10.0,1.0,Synthetic2,4.0,0.39794663,2.668876,5.109062850475311,1.715777809174154,3.159579339255563,33.47381917193585,1.0,0.4000000000647975
5127.84186352,52.92533619,2.28582175,0.28073106,3.77841414,4.85206611,1.30001422,10.0,1.0,Synthetic2,4.0,0.38463825,2.611314,4.988532841205597,1.7197568426134207,2.8125488835434878,32.287540871162214,1.0,0.3868878611257009
5128.09186352,51.2891235,2.27770329,0.27679189,3.6933662,4.46523189,1.35595311,10.0,1.0,Synthetic2,4.0,0.33837005,2.3711793,4.530850946903229,1.708130421006934,1.4695554121205712,25.97267622380644,1.0,0.33675079660003
5128.34186352,50.14699669,2.28268911,0.27720176,3.59501043,4.17891364,1.3973567,10.0,1.0,Synthetic2,4.0,0.3045005,2.1820126,4.174077868461609,1.6769449229589315,0.1157183889158169,20.008364575697207,1.0,0.2999999990775373
5128.59186352,49.00486989,2.28767494,0.27761163,3.49665465,4.17891364,1.3973567,10.0,1.0,Synthetic2,4.0,0.3045005,2.1820126,4.174077868461609,1.6769449229589315,0.1157183889158169,20.008364575697207,1.0,0.2999999990775373
5128.84186352,47.99180872,2.29128113,0.27786558,3.40570025,4.17891364,1.3973567,10.0,1.0,Synthetic2,4.0,0.3045005,2.1820126,4.174077868461609,1.6769449229589315,0.1157183889158169,20.008364575697207,1.0,0.2999999990775373
5129.09186352,48.45226207,2.27913637,0.27633947,3.39924581,4.17891364,1.3973567,10.0,1.0,Synthetic2,4.0,0.3045005,2.1820126,4.174077868461609,1.6769449229589315,0.1157183889158169,20.008364575697207,1.0,0.2999999990775373
5129.34186352,48.91271541,2.26699161,0.27481336,3.39279136,4.17891364,1.3973567,10.0,1.0,Synthetic2,4.0,0.3045005,2.1820126,4.174077868461609,1.6769449229589315,0.1157183889158169,20.008364575697207,1.0,0.2999999990775373
5129.59186352,49.24493177,2.25718476,0.27356737,3.38858256,4.17891364,1.3973567,10.0,1.0,Synthetic2,4.0,0.3045005,2.1820126,4.174077868461609,1.6769449229589315,0.1157183889158169,20.008364575697207,1.0,0.2999999990775373
5129.84186352,48.1130941,2.27406917,0.27551938,3.41001184,4.17891364,1.3973567,10.0,1.0,Synthetic2,4.0,0.3045005,2.1820126,4.174077868461609,1.6769449229589315,0.1157183889158169,20.008364575697207,1.0,0.2999999990775373
5130.09186352,46.98125643,2.29095358,0.27747139,3.43144112,4.17891364,1.3973567,10.0,1.0,Synthetic2,4.0,0.3045005,2.1820126,4.174077868461609,1.6769449229589315,0.1157183889158169,20.008364575697207,1.0,0.2999999990775373
5130.34186352,45.98006019,2.30489793,0.27896247,3.45227001,4.17891364,1.3973567,10.0,1.0,Synthetic2,4.0,0.3045005,2.1820126,4.174077868461609,1.6769449229589315,0.1157183889158169,20.008364575697207,1.0,0.2999999990775373
5130.59186352,46.47036907,2.28527618,0.27519121,3.46624438,4.17891364,1.3973567,10.0,1.0,Synthetic2,4.0,0.3045005,2.1820126,4.174077868461609,1.6769449229589315,0.1157183889158169,20.008364575697207,1.0,0.2999999990775373
5130.84186352,46.96067794,2.26565443,0.27141996,3.48021875,4.17891364,1.3973567,10.0,1.0,Synthetic2,4.0,0.3045005,2.1820126,4.174077868461609,1.6769449229589315,0.1157183889158169,20.008364575697207,1.0,0.2999999990775373
5131.09186352,47.4133464,2.24796896,0.26787978,3.49029071,4.17891364,1.3973567,10.0,1.0,Synthetic2,4.0,0.3045005,2.1820126,4.174077868461609,1.6769449229589315,0.1157183889158169,20.008364575697207,1.0,0.2999999990775373
5131.34186352,47.43628228,2.25238952,0.26697776,3.45580973,4.17891364,1.3973567,10.0,1.0,Synthetic2,4.0,0.3045005,2.1820126,4.174077868461609,1.6769449229589315,0.1157183889158169,20.008364575697207,1.0,0.2999999990775373
5131.59186352,47.45921817,2.25681008,0.26607574,3.42132874,4.17891364,1.3973567,10.0,1.0,Synthetic2,4.0,0.3045005,2.1820126,4.174077868461609,1.6769449229589315,0.1157183889158169,20.008364575697207,1.0,0.2999999990775373
5131.84186352,47.51896255,2.26162873,0.26565788,3.38912026,4.17891364,1.3973567,10.0,1.0,Synthetic2,4.0,0.3045005,2.1820126,4.174077868461609,1.6769449229589315,0.1157183889158169,20.008364575697207,1.0,0.2999999990775373
5132.09186352,47.99894155,2.27099223,0.27076748,3.38285644,4.17891364,1.3973567,10.0,1.0,Synthetic2,4.0,0.3045005,2.1820126,4.174077868461609,1.6769449229589315,0.1157183889158169,20.008364575697207,1.0,0.2999999990775373
5132.34186352,48.47892054,2.28035574,0.27587708,3.37659263,4.17891364,1.3973567,10.0,1.0,Synthetic2,4.0,0.3045005,2.1820126,4.174077868461609,1.6769449229589315,0.1157183889158169,20.008364575697207,1.0,0.2999999990775373
5132.59186352,48.88623438,2.28863079,0.28037406,3.37330045,4.17891364,1.3973567,10.0,1.0,Synthetic2,4.0,0.3045005,2.1820126,4.174077868461609,1.6769449229589315,0.1157183889158169,20.008364575697207,1.0,0.2999999990775373
5132.84186352,48.46394569,2.28447923,0.27787684,3.40393481,4.17891364,1.3973567,10.0,1.0,Synthetic2,4.0,0.3045005,2.1820126,4.174077868461609,1.6769449229589315,0.1157183889158169,20.008364575697207,1.0,0.2999999990775373
5133.09186352,48.041657,2.28032767,0.27537962,3.43456917,4.17891364,1.3973567,10.0,1.0,Synthetic2,4.0,0.3045005,2.1820126,4.174077868461609,1.6769449229589315,0.1157183889158169,20.008364575697207,1.0,0.2999999990775373
5133.34186352,47.50235651,2.27522446,0.27269353,3.45627061,4.17891364,1.3973567,10.0,1.0,Synthetic2,4.0,0.3045005,2.1820126,4.174077868461609,1.6769449229589315,0.1157183889158169,20.008364575697207,1.0,0.2999999990775373
5133.59186352,45.6271574,2.25925648,0.26785124,3.37598679,4.17891364,1.3973567,10.0,1.0,Synthetic2,4.0,0.3045005,2.1820126,4.174077868461609,1.6769449229589315,0.1157183889158169,20.008364575697207,1.0,0.2999999990775373
5133.84186352,43.75195829,2.2432885,0.26300895,3.29570296,4.08188773,1.41664903,10.0,1.0,Synthetic2,4.0,0.29083222,2.1228583,4.040071398019791,1.6672204867228397,1.0244361125583774,17.687617145570602,1.0,0.28681894150913056
5134.09186352,41.95975204,2.22936812,0.25843935,3.21358644,3.70848496,1.49089527,10.0,1.0,Synthetic2,4.0,0.23484948,1.9052347,3.4969228506088257,1.6173498131159336,5.7048123876218755,8.481785787403675,1.0,0.2366106026933461
5134.34186352,41.11505726,2.23882469,0.25698292,3.11054636,3.4321081,1.54584918,10.0,1.0,Synthetic2,4.0,0.1939149,1.7697724,3.10671204328537,1.573069678860511,9.480938456298341,1.760876753870059,1.0,0.1999999997576586
5134.59186352,40.27036249,2.24828127,0.2555265,3.00750628,3.4321081,1.54584918,10.0,1.0,Synthetic2,4.0,0.1939149,1.7697724,3.10671204328537,1.573069678860511,9.480938456298341,1.760876753870059,1.0,0.1999999997576586
5134.84186352,39.49552651,2.25679047,0.25432964,2.91298923,3.4321081,1.54584918,10.0,1.0,Synthetic2,4.0,0.1939149,1.7697724,3.10671204328537,1.573069678860511,9.480938456298341,1.760876753870059,1.0,0.1999999997576586
5135.09186352,39.51825339,2.25448373,0.25609623,2.91577784,3.4321081,1.54584918,10.0,1.0,Synthetic2,4.0,0.1939149,1.7697724,3.10671204328537,1.573069678860511,9.480938456298341,1.760876753870059,1.0,0.1999999997576586
5135.34186352,39.54098026,2.25217699,0.25786282,2.91856645,3.4321081,1.54584918,10.0,1.0,Synthetic2,4.0,0.1939149,1.7697724,3.10671204328537,1.573069678860511,9.480938456298341,1.760876753870059,1.0,0.1999999997576586
5135.59186352,39.55223367,2.24948824,0.25955816,2.91895307,3.4321081,1.54584918,10.0,1.0,Synthetic2,4.0,0.1939149,1.7697724,3.10671204328537,1.573069678860511,9.480938456298341,1.760876753870059,1.0,0.1999999997576586
5135.84186352,39.43249697,2.24243809,0.26044012,2.8919168,3.4321081,1.54584918,10.0,1.0,Synthetic2,4.0,0.1939149,1.7697724,3.10671204328537,1.573069678860511,9.480938456298341,1.760876753870059,1.0,0.1999999997576586
5136.09186352,39.31276027,2.23538794,0.26132208,2.86488053,3.4321081,1.54584918,10.0,1.0,Synthetic2,4.0,0.1939149,1.7697724,3.10671204328537,1.573069678860511,9.480938456298341,1.760876753870059,1.0,0.1999999997576586
5136.34186352,39.15631732,2.22941981,0.26214563,2.83985119,3.4321081,1.54584918,10.0,1.0,Synthetic2,4.0,0.1939149,1.7697724,3.10671204328537,1.573069678860511,9.480938456298341,1.760876753870059,1.0,0.1999999997576586
5136.59186352,38.58080689,2.23580489,0.26230239,2.83773446,3.4321081,1.54584918,10.0,1.0,Synthetic2,4.0,0.1939149,1.7697724,3.10671204328537,1.573069678860511,9.480938456298341,1.760876753870059,1.0,0.1999999997576586
5136.84186352,38.00529646,2.24218996,0.26245914,2.83561774,3.4321081,1.54584918,10.0,1.0,Synthetic2,4.0,0.1939149,1.7697724,3.10671204328537,1.573069678860511,9.480938456298341,1.760876753870059,1.0,0.1999999997576586
5137.09186352,37.54011054,2.24835966,0.26269836,2.83494649,3.4321081,1.54584918,10.0,1.0,Synthetic2,4.0,0.1939149,1.7697724,3.10671204328537,1.573069678860511,9.480938456298341,1.760876753870059,1.0,0.1999999997576586
5137.34186352,38.33447566,2.25207042,0.2638791,2.85077785,3.4321081,1.54584918,10.0,1.0,Synthetic2,4.0,0.1939149,1.7697724,3.10671204328537,1.573069678860511,9.480938456298341,1.760876753870059,1.0,0.1999999997576586
5137.59186352,39.12884078,2.25578118,0.26505983,2.86660921,3.4321081,1.54584918,10.0,1.0,Synthetic2,4.0,0.1939149,1.7697724,3.10671204328537,1.573069678860511,9.480938456298341,1.760876753870059,1.0,0.1999999997576586
5137.84186352,39.76455188,2.25991681,0.26611143,2.88184916,3.4321081,1.54584918,10.0,1.0,Synthetic2,4.0,0.1939149,1.7697724,3.10671204328537,1.573069678860511,9.480938456298341,1.760876753870059,1.0,0.1999999997576586
5138.09186352,38.58894412,2.26890306,0.26568882,2.8903372,3.4321081,1.54584918,10.0,1.0,Synthetic2,4.0,0.1939149,1.7697724,3.10671204328537,1.573069678860511,9.480938456298341,1.760876753870059,1.0,0.1999999997576586
5138.34186352,37.41333635,2.27788931,0.26526621,2.89882523,3.4321081,1.54584918,10.0,1.0,Synthetic2,4.0,0.1939149,1.7697724,3.10671204328537,1.573069678860511,9.480938456298341,1.760876753870059,1.0,0.1999999997576586
5138.59186352,36.38692751,2.28463487,0.26489155,2.90328156,3.4321081,1.54584918,10.0,1.0,Synthetic2,4.0,0.1939149,1.7697724,3.10671204328537,1.573069678860511,9.480938456298341,1.760876753870059,1.0,0.1999999997576586
5138.84186352,37.0638906,2.2657988,0.26506426,2.86170879,3.4321081,1.54584918,10.0,1.0,Synthetic2,4.0,0.1939149,1.7697724,3.10671204328537,1.573069678860511,9.480938456298341,1.760876753870059,1.0,0.1999999997576586
5139.09186352,37.74085368,2.24696273,0.26523697,2.82013601,3.4321081,1.54584918,10.0,1.0,Synthetic2,4.0,0.1939149,1.7697724,3.10671204328537,1.573069678860511,9.480938456298341,1.760876753870059,1.0,0.1999999997576586
5139.34186352,38.16688945,2.22808591,0.26564294,2.77415652,3.29145505,1.53055407,10.0,1.0,Synthetic2,4.0,0.18577492,1.6736766,2.9696185886859894,1.5148400518751772,9.777938827206855,1.0266882061097495,1.0,0.18743504315613463
5139.59186352,35.72814208,2.20874381,0.26871205,2.6778665,2.75015391,1.47169106,10.0,1.0,Synthetic2,4.0,0.15861502,1.3945491,2.5387263000011444,1.3250388302577967,7.687846459431627,9.96487875262375,1.0,0.1377790338682886
5139.84186352,33.2893947,2.1894017,0.27178116,2.58157648,2.34950582,1.42812316,10.0,1.0,Synthetic2,4.0,0.14143898,1.2526147,2.2901760786771774,1.2161738051426974,2.5252008664027334,14.84111180280156,1.0,0.10000000110869689
5140.09186352,31.03268412,2.17096232,0.27484076,2.48685122,2.34950582,1.42812316,10.0,1.0,Synthetic2,4.0,0.14143898,1.2526147,2.2901760786771774,1.2161738051426974,2.5252008664027334,14.84111180280156,1.0,0.10000000110869689
5140.34186352,30.85424835,2.16282903,0.2777917,2.40999063,2.34950582,1.42812316,10.0,1.0,Synthetic2,4.0,0.14143898,1.2526147,2.2901760786771774,1.2161738051426974,2.5252008664027334,14.84111180280156,1.0,0.10000000110869689
5140.59186352,30.67581257,2.15469574,0.28074264,2.33313004,2.34950582,1.42812316,10.0,1.0,Synthetic2,4.0,0.14143898,1.2526147,2.2901760786771774,1.2161738051426974,2.5252008664027334,14.84111180280156,1.0,0.10000000110869689
5140.84186352,30.54068141,2.14641244,0.28325533,2.26388385,2.34950582,1.42812316,10.0,1.0,Synthetic2,4.0,0.14143898,1.2526147,2.2901760786771774,1.2161738051426974,2.5252008664027334,14.84111180280156,1.0,0.10000000110869689
5141.09186352,30.89994959,2.13641641,0.28076458,2.28156968,2.34950582,1.42812316,10.0,1.0,Synthetic2,4.0,0.14143898,1.2526147,2.2901760786771774,1.2161738051426974,2.5252008664027334,14.84111180280156,1.0,0.10000000110869689
5141.34186352,31.25921777,2.12642038,0.27827384,2.2992555,2.34950582,1.42812316,10.0,1.0,Synthetic2,4.0,0.14143898,1.2526147,2.2901760786771774,1.2161738051426974,2.5252008664027334,14.84111180280156,1.0,0.10000000110869689
5141.59186352,31.55794139,2.11826471,0.2758618,2.31529196,2.34950582,1.42812316,10.0,1.0,Synthetic2,4.0,0.14143898,1.2526147,2.2901760786771774,1.2161738051426974,2.5252008664027334,14.84111180280156,1.0,0.10000000110869689
5141.84186352,31.16544071,2.13112007,0.27434828,2.31249798,2.34950582,1.42812316,10.0,1.0,Synthetic2,4.0,0.14143898,1.2526147,2.2901760786771774,1.2161738051426974,2.5252008664027334,14.84111180280156,1.0,0.10000000110869689
5142.09186352,30.77294004,2.14397542,0.27283477,2.309704,2.34950582,1.42812316,10.0,1.0,Synthetic2,4.0,0.14143898,1.2526147,2.2901760786771774,1.2161738051426974,2.5252008664027334,14.84111180280156,1.0,0.10000000110869689
5142.34186352,30.41315566,2.15458853,0.27149383,2.29946316,2.34950582,1.42812316,10.0,1.0,Synthetic2,4.0,0.14143898,1.2526147,2.2901760786771774,1.2161738051426974,2.5252008664027334,14.84111180280156,1.0,0.10000000110869689
5142.59186352,30.42688617,2.13960238,0.27212316,2.20420311,2.34950582,1.42812316,10.0,1.0,Synthetic2,4.0,0.14143898,1.2526147,2.2901760786771774,1.2161738051426974,2.5252008664027334,14.84111180280156,1.0,0.10000000110869689
5142.84186352,30.44061667,2.12461623,0.27275249,2.10894306,2.34950582,1.42812316,10.0,1.0,Synthetic2,4.0,0.14143898,1.2526147,2.2901760786771774,1.2161738051426974,2.5252008664027334,14.84111180280156,1.0,0.10000000110869689
5143.09186352,30.26571498,2.11098627,0.27304634,2.01336246,2.34950582,1.42812316,10.0,1.0,Synthetic2,4.0,0.14143898,1.2526147,2.2901760786771774,1.2161738051426974,2.5252008664027334,14.84111180280156,1.0,0.10000000110869689
5143.34186352,27.93724024,2.11283962,0.26951011,1.91412224,2.25052284,1.44884737,10.0,1.0,Synthetic2,4.0,0.13063179,1.25039,2.2092385590076447,1.2169960666478297,1.8344306602262814,16.00246569465563,1.0,0.08685104620088203
5143.59186352,25.6087655,2.11469296,0.26597389,1.81488202,1.86958834,1.5286042,10.0,1.0,Synthetic2,4.0,0.09394337,1.1971586,1.8920974135398865,1.1788107542665118,1.2039588105201016,22.883192767198217,1.0,0.03668065776774662
5143.84186352,23.43618714,2.11643879,0.26247483,1.72400044,1.58763682,1.58763682,10.0,1.0,Synthetic2,4.0,0.07202274,1.081704,1.622477225959301,1.076371429540768,2.1944821082759374,32.20291845204446,1.0,-3.2787054287268066e-17
5144.09186352,23.04344427,2.11695701,0.25940012,1.72854768,1.58763682,1.58763682,10.0,1.0,Synthetic2,4.0,0.07202274,1.081704,1.622477225959301,1.076371429540768,2.1944821082759374,32.20291845204446,1.0,-3.2787054287268066e-17
5144.34186352,22.6507014,2.11747523,0.25632541,1.73309492,1.58763682,1.58763682,10.0,1.0,Synthetic2,4.0,0.07202274,1.081704,1.622477225959301,1.076371429540768,2.1944821082759374,32.20291845204446,1.0,-3.2787054287268066e-17
5144.59186352,22.28168604,2.11847111,0.25355756,1.73743609,1.58763682,1.58763682,10.0,1.0,Synthetic2,4.0,0.07202274,1.081704,1.622477225959301,1.076371429540768,2.1944821082759374,32.20291845204446,1.0,-3.2787054287268066e-17
5144.84186352,22.1835626,2.12492024,0.25429319,1.73942446,1.58763682,1.58763682,10.0,1.0,Synthetic2,4.0,0.07202274,1.081704,1.622477225959301,1.076371429540768,2.1944821082759374,32.20291845204446,1.0,-3.2787054287268066e-17
5145.09186352,22.08543917,2.13136937,0.25502881,1.74141283,1.58763682,1.58763682,10.0,1.0,Synthetic2,4.0,0.07202274,1.081704,1.622477225959301,1.076371429540768,2.1944821082759374,32.20291845204446,1.0,-3.2787054287268066e-17
5145.34186352,22.00012067,2.13587504,0.25567501,1.74278965,1.58763682,1.58763682,10.0,1.0,Synthetic2,4.0,0.07202274,1.081704,1.622477225959301,1.076371429540768,2.1944821082759374,32.20291845204446,1.0,-3.2787054287268066e-17
5145.59186352,22.06099333,2.11819263,0.25530025,1.73718462,1.58763682,1.58763682,10.0,1.0,Synthetic2,4.0,0.07202274,1.081704,1.622477225959301,1.076371429540768,2.1944821082759374,32.20291845204446,1.0,-3.2787054287268066e-17
5145.84186352,22.12186598,2.10051022,0.2549255,1.73157959,1.58763682,1.58763682,10.0,1.0,Synthetic2,4.0,0.07202274,1.081704,1.622477225959301,1.076371429540768,2.1944821082759374,32.20291845204446,1.0,-3.2787054287268066e-17
5146.09186352,22.18830422,2.08616266,0.25443221,1.72605168,1.58763682,1.58763682,10.0,1.0,Synthetic2,4.0,0.07202274,1.081704,1.622477225959301,1.076371429540768,2.1944821082759374,32.20291845204446,1.0,-3.2787054287268066e-17
5146.34186352,22.31828351,2.10988837,0.25258565,1.72140434,1.61394565,1.61394565,10.0,1.0,Synthetic2,4.0,0.07005506,1.122008,1.6457469314336777,1.1139898772278878,1.9704059695986456,30.97723723051716,1.0,9.289003986807071e-16
5146.59186352,22.44826281,2.13361408,0.2507391,1.716757,1.71519481,1.71519481,10.0,1.0,Synthetic2,4.0,0.062925905,1.2755661,1.7382976040244102,1.2571913991422226,1.3469486900097476,26.702705033125508,1.0,4.884399562817669e-16
5146.84186352,22.53476037,2.1552587,0.24880517,1.71173416,1.79013513,1.79013513,10.0,1.0,Synthetic2,4.0,0.058087308,1.3874369,1.8094291239976883,1.3615892813779995,1.0777953951268688,23.93930164489875,1.0,-1.9542607362817327e-17
5147.09186352,22.12483635,2.15314385,0.24587363,1.70242428,1.79013513,1.79013513,10.0,1.0,Synthetic2,4.0,0.058087308,1.3874369,1.8094291239976883,1.3615892813779995,1.0777953951268688,23.93930164489875,1.0,-1.9542607362817327e-17
5147.34186352,21.71491233,2.15102901,0.24294209,1.69311441,1.79013513,1.79013513,10.0,1.0,Synthetic2,4.0,0.058087308,1.3874369,1.8094291239976883,1.3615892813779995,1.0777953951268688,23.93930164489875,1.0,-1.9542607362817327e-17
5147.59186352,21.37607544,2.14863232,0.24025107,1.68469896,1.79013513,1.79013513,10.0,1.0,Synthetic2,4.0,0.058087308,1.3874369,1.8094291239976883,1.3615892813779995,1.0777953951268688,23.93930164489875,1.0,-1.9542607362817327e-17
5147.84186352,21.84882504,2.14301798,0.24030603,1.68649499,1.79013513,1.79013513,10.0,1.0,Synthetic2,4.0,0.058087308,1.3874369,1.8094291239976883,1.3615892813779995,1.0777953951268688,23.93930164489875,1.0,-1.9542607362817327e-17
5148.09186352,22.32157464,2.13740363,0.240361,1.68829102,1.79013513,1.79013513,10.0,1.0,Synthetic2,4.0,0.058087308,1.3874369,1.8094291239976883,1.3615892813779995,1.0777953951268688,23.93930164489875,1.0,-1.9542607362817327e-17
5148.34186352,22.87463135,2.13357149,0.24044376,1.69810232,1.79013513,1.79013513,10.0,1.0,Synthetic2,4.0,0.058087308,1.3874369,1.8094291239976883,1.3615892813779995,1.0777953951268688,23.93930164489875,1.0,-1.9542607362817327e-17
5148.59186352,24.34453695,2.15008648,0.24084378,1.79942222,1.79013513,1.79013513,10.0,1.0,Synthetic2,4.0,0.058087308,1.3874369,1.8094291239976883,1.3615892813779995,1.0777953951268688,23.93930164489875,1.0,-1.9542607362817327e-17
5148.84186352,25.81444256,2.16660146,0.2412438,1.90074212,1.82762668,1.82762668,10.0,1.0,Synthetic2,4.0,0.055800486,1.4427822,1.845718391239643,1.4133153417413962,0.9899019005152101,22.669363650272597,1.0,-5.5061711230306915e-17
5149.09186352,27.35792048,2.18297772,0.24182409,2.00481659,1.97191236,1.97191236,10.0,1.0,Synthetic2,4.0,0.047781944,1.6516834,1.9888727143406868,1.6093235294510861,0.86009676113024,18.387674721452317,1.0,-3.071759934056067e-17
5149.34186352,29.74135762,2.19777018,0.24446244,2.1403394,2.07870648,2.07870648,10.0,1.0,Synthetic2,4.0,0.042585272,1.8020153,2.0975506529212,1.7513785505252069,0.9065336112869413,15.746712324425586,1.0,-5.182815676931931e-16
5149.59186352,32.12479477,2.21256265,0.24710078,2.27586222,2.07870648,2.07870648,10.0,1.0,Synthetic2,4.0,0.042585272,1.8020153,2.0975506529212,1.7513785505252069,0.9065336112869413,15.746712324425586,1.0,-5.182815676931931e-16
5149.84186352,34.34273039,2.22602234,0.24944235,2.40171205,2.07870648,2.07870648,10.0,1.0,Synthetic2,4.0,0.042585272,1.8020153,2.0975506529212,1.7513785505252069,0.9065336112869413,15.746712324425586,1.0,-5.182815676931931e-16
5150.09186352,34.67117077,2.22426602,0.24839579,2.41712753,2.07870648,2.07870648,10.0,1.0,Synthetic2,4.0,0.042585272,1.8020153,2.0975506529212,1.7513785505252069,0.9065336112869413,15.746712324425586,1.0,-5.182815676931931e-16
5150.34186352,34.99961115,2.22250969,0.24734923,2.432543,2.07870648,2.07870648,10.0,1.0,Synthetic2,4.0,0.042585272,1.8020153,2.0975506529212,1.7513785505252069,0.9065336112869413,15.746712324425586,1.0,-5.182815676931931e-16
5150.59186352,35.25842429,2.22033771,0.24638261,2.44657669,2.07870648,2.07870648,10.0,1.0,Synthetic2,4.0,0.042585272,1.8020153,2.0975506529212,1.7513785505252069,0.9065336112869413,15.746712324425586,1.0,-5.182815676931931e-16
5150.84186352,34.72231823,2.21342027,0.24632866,2.44483486,2.07870648,2.07870648,10.0,1.0,Synthetic2,4.0,0.042585272,1.8020153,2.0975506529212,1.7513785505252069,0.9065336112869413,15.746712324425586,1.0,-5.182815676931931e-16
5151.09186352,34.18621217,2.20650283,0.24627471,2.44309303,2.07870648,2.07870648,10.0,1.0,Synthetic2,4.0,0.042585272,1.8020153,2.0975506529212,1.7513785505252069,0.9065336112869413,15.746712324425586,1.0,-5.182815676931931e-16
5151.34186352,33.70614005,2.20217947,0.24607146,2.44460402,2.07870648,2.07870648,10.0,1.0,Synthetic2,4.0,0.042585272,1.8020153,2.0975506529212,1.7513785505252069,0.9065336112869413,15.746712324425586,1.0,-5.182815676931931e-16
5151.59186352,33.86579532,2.22747216,0.2441638,2.4832517,2.07870648,2.07870648,10.0,1.0,Synthetic2,4.0,0.042585272,1.8020153,2.0975506529212,1.7513785505252069,0.9065336112869413,15.746712324425586,1.0,-5.182815676931931e-16
5151.84186352,34.02545058,2.25276485,0.24225613,2.52189938,2.07870648,2.07870648,10.0,1.0,Synthetic2,4.0,0.042585272,1.8020153,2.0975506529212,1.7513785505252069,0.9065336112869413,15.746712324425586,1.0,-5.182815676931931e-16
5152.09186352,34.42032534,2.27771294,0.2401663,2.56491897,2.07870648,2.07870648,10.0,1.0,Synthetic2,4.0,0.042585272,1.8020153,2.0975506529212,1.7513785505252069,0.9065336112869413,15.746712324425586,1.0,-5.182815676931931e-16
5152.34186352,37.5006503,2.29872672,0.23599674,2.65785166,2.23871731,2.23871731,10.0,1.0,Synthetic2,4.0,0.03583495,2.0205586,2.2632275819778442,1.9597343266637772,1.0948355055084669,12.461733426102956,1.0,2.7858267527583014e-16
5152.59186352,40.58097526,2.31974049,0.23182719,2.75078434,2.85451661,2.85451661,10.0,1.0,Synthetic2,4.0,0.018514954,2.8004339,2.9152370505034924,2.7222787477372714,2.127170684198339,4.63258338730524,1.0,4.2218780720042205e-17
5152.84186352,43.45012242,2.33934829,0.22762919,2.84059428,3.31030508,3.31030508,10.0,1.0,Synthetic2,4.0,0.011409318,3.3385925,3.405280476436019,3.26221775323934,2.869082883322009,1.452655438049839,1.0,4.70941066486745e-15
5153.09186352,43.90829808,2.34290429,0.22310644,2.89475243,3.31030508,3.31030508,10.0,1.0,Synthetic2,4.0,0.011409318,3.3385925,3.405280476436019,3.26221775323934,2.869082883322009,1.452655438049839,1.0,4.70941066486745e-15
5153.34186352,44.36647373,2.34646029,0.21858369,2.94891059,3.31030508,3.31030508,10.0,1.0,Synthetic2,4.0,0.011409318,3.3385925,3.405280476436019,3.26221775323934,2.869082883322009,1.452655438049839,1.0,4.70941066486745e-15
5153.59186352,44.76323925,2.35080635,0.21455204,2.99908142,3.31030508,3.31030508,10.0,1.0,Synthetic2,4.0,0.011409318,3.3385925,3.405280476436019,3.26221775323934,2.869082883322009,1.452655438049839,1.0,4.70941066486745e-15
5153.84186352,44.45889848,2.36417224,0.21612725,3.00372984,3.31030508,3.31030508,10.0,1.0,Synthetic2,4.0,0.011409318,3.3385925,3.405280476436019,3.26221775323934,2.869082883322009,1.452655438049839,1.0,4.70941066486745e-15
5154.09186352,44.15455771,2.37753813,0.21770246,3.00837827,3.31030508,3.31030508,10.0,1.0,Synthetic2,4.0,0.011409318,3.3385925,3.405280476436019,3.26221775323934,2.869082883322009,1.452655438049839,1.0,4.70941066486745e-15
5154.34186352,43.86408372,2.38959009,0.21922212,3.01409527,3.31030508,3.31030508,10.0,1.0,Synthetic2,4.0,0.011409318,3.3385925,3.405280476436019,3.26221775323934,2.869082883322009,1.452655438049839,1.0,4.70941066486745e-15
5154.59186352,43.73192382,2.38664114,0.22010761,3.032012,3.31030508,3.31030508,10.0,1.0,Synthetic2,4.0,0.011409318,3.3385925,3.405280476436019,3.26221775323934,2.869082883322009,1.452655438049839,1.0,4.70941066486745e-15
5154.84186352,43.59976392,2.38369219,0.22099309,3.04992873,3.31030508,3.31030508,10.0,1.0,Synthetic2,4.0,0.011409318,3.3385925,3.405280476436019,3.26221775323934,2.869082883322009,1.452655438049839,1.0,4.70941066486745e-15
5155.09186352,43.49814841,2.38002408,0.22167051,3.06675338,3.31030508,3.31030508,10.0,1.0,Synthetic2,4.0,0.011409318,3.3385925,3.405280476436019,3.26221775323934,2.869082883322009,1.452655438049839,1.0,4.70941066486745e-15
5155.34186352,43.74525167,2.36814545,0.21997245,3.0711099,3.31030508,3.31030508,10.0,1.0,Synthetic2,4.0,0.011409318,3.3385925,3.405280476436019,3.26221775323934,2.869082883322009,1.452655438049839,1.0,4.70941066486745e-15
5155.59186352,43.99235492,2.35626682,0.2182744,3.07546643,3.31030508,3.31030508,10.0,1.0,Synthetic2,4.0,0.011409318,3.3385925,3.405280476436019,3.26221775323934,2.869082883322009,1.452655438049839,1.0,4.70941066486745e-15
5155.84186352,44.18698674,2.34614818,0.21675255,3.07927125,3.31030508,3.31030508,10.0,1.0,Synthetic2,4.0,0.011409318,3.3385925,3.405280476436019,3.26221775323934,2.869082883322009,1.452655438049839,1.0,4.70941066486745e-15
5156.09186352,43.78256354,2.3561229,0.21724242,3.07677738,3.31030508,3.31030508,10.0,1.0,Synthetic2,4.0,0.011409318,3.3385925,3.405280476436019,3.26221775323934,2.869082883322009,1.452655438049839,1.0,4.70941066486745e-15
5156.34186352,43.37814034,2.36609763,0.21773229,3.0742835,3.31030508,3.31030508,10.0,1.0,Synthetic2,4.0,0.011409318,3.3385925,3.405280476436019,3.26221775323934,2.869082883322009,1.452655438049839,1.0,4.70941066486745e-15
5156.59186352,43.03508923,2.37421446,0.21814433,3.07247342,3.31030508,3.31030508,10.0,1.0,Synthetic2,4.0,0.011409318,3.3385925,3.405280476436019,3.26221775323934,2.869082883322009,1.452655438049839,1.0,4.70941066486745e-15
5156.84186352,43.39270997,2.36112013,0.21766785,3.0784701,3.31030508,3.31030508,10.0,1.0,Synthetic2,4.0,0.011409318,3.3385925,3.405280476436019,3.26221775323934,2.869082883322009,1.452655438049839,1.0,4.70941066486745e-15
5157.09186352,43.75033072,2.3480258,0.21719138,3.08446679,3.31030508,3.31030508,10.0,1.0,Synthetic2,4.0,0.011409318,3.3385925,3.405280476436019,3.26221775323934,2.869082883322009,1.452655438049839,1.0,4.70941066486745e-15
5157.34186352,44.12694615,2.33692392,0.21692874,3.09667684,3.31030508,3.31030508,10.0,1.0,Synthetic2,4.0,0.011409318,3.3385925,3.405280476436019,3.26221775323934,2.869082883322009,1.452655438049839,1.0,4.70941066486745e-15
5157.59186352,44.72041972,2.34856944,0.21910733,3.17982364,3.31030508,3.31030508,10.0,1.0,Synthetic2,4.0,0.011409318,3.3385925,3.405280476436019,3.26221775323934,2.869082883322009,1.452655438049839,1.0,4.70941066486745e-15
5157.84186352,45.31389329,2.36021496,0.22128592,3.26297044,3.43851056,3.43851056,10.0,1.0,Synthetic2,4.0,0.0099595515,3.4866693,3.5439882427453995,3.4120035564549083,3.067539881145497,0.7708862044353249,1.0,2.972824348543924e-17
5158.09186352,46.01811359,2.3729214,0.2231318,3.34791338,3.93190743,3.93190743,10.0,1.0,Synthetic2,4.0,0.0058912556,4.046908,4.079068819060922,3.9813727070033957,3.742748060091583,1.2580478529576131,1.0,-1.9201383880367098e-17
5158.34186352,47.98670533,2.39774014,0.22117925,3.45336249,4.29709882,4.29709882,10.0,1.0,Synthetic2,4.0,0.0039680176,4.4516916,4.472753240261227,4.394116883169353,4.087744490391461,2.257757320306464,1.0,7.241173937831885e-16
5158.59186352,49.95529708,2.42255889,0.21922669,3.55881161,4.29709882,4.29709882,10.0,1.0,Synthetic2,4.0,0.0039680176,4.4516916,4.472753240261227,4.394116883169353,4.087744490391461,2.257757320306464,1.0,7.241173937831885e-16
5158.84186352,51.82541237,2.44591301,0.21740227,3.65569524,4.29709882,4.29709882,10.0,1.0,Synthetic2,4.0,0.0039680176,4.4516916,4.472753240261227,4.394116883169353,4.087744490391461,2.257757320306464,1.0,7.241173937831885e-16
5159.09186352,52.57124318,2.45254585,0.21704067,3.65478851,4.29709882,4.29709882,10.0,1.0,Synthetic2,4.0,0.0039680176,4.4516916,4.472753240261227,4.394116883169353,4.087744490391461,2.257757320306464,1.0,7.241173937831885e-16
5159.34186352,53.317074,2.45917868,0.21667908,3.65388179,4.29709882,4.29709882,10.0,1.0,Synthetic2,4.0,0.0039680176,4.4516916,4.472753240261227,4.394116883169353,4.087744490391461,2.257757320306464,1.0,7.241173937831885e-16
5159.59186352,53.97616935,2.46515498,0.2162232,3.65243388,4.29709882,4.29709882,10.0,1.0,Synthetic2,4.0,0.0039680176,4.4516916,4.472753240261227,4.394116883169353,4.087744490391461,2.257757320306464,1.0,7.241173937831885e-16
5159.84186352,53.64502464,2.46363575,0.21469103,3.64480732,4.29709882,4.29709882,10.0,1.0,Synthetic2,4.0,0.0039680176,4.4516916,4.472753240261227,4.394116883169353,4.087744490391461,2.257757320306464,1.0,7.241173937831885e-16
5160.09186352,53.31387992,2.46211652,0.21315886,3.63718076,4.29709882,4.29709882,10.0,1.0,Synthetic2,4.0,0.0039680176,4.4516916,4.472753240261227,4.394116883169353,4.087744490391461,2.257757320306464,1.0,7.241173937831885e-16
5160.34186352,53.04697153,2.45958553,0.21174578,3.62913751,4.29709882,4.29709882,10.0,1.0,Synthetic2,4.0,0.0039680176,4.4516916,4.472753240261227,4.394116883169353,4.087744490391461,2.257757320306464,1.0,7.241173937831885e-16
5160.59186352,53.51343532,2.44550345,0.21169228,3.61633702,4.29709882,4.29709882,10.0,1.0,Synthetic2,4.0,0.0039680176,4.4516916,4.472753240261227,4.394116883169353,4.087744490391461,2.257757320306464,1.0,7.241173937831885e-16
5160.84186352,53.97989911,2.43142137,0.21163878,3.60353653,4.29709882,4.29709882,10.0,1.0,Synthetic2,4.0,0.0039680176,4.4516916,4.472753240261227,4.394116883169353,4.087744490391461,2.257757320306464,1.0,7.241173937831885e-16
5161.09186352,54.33946456,2.41977082,0.21149553,3.59195291,4.29709882,4.29709882,10.0,1.0,Synthetic2,4.0,0.0039680176,4.4516916,4.472753240261227,4.394116883169353,4.087744490391461,2.257757320306464,1.0,7.241173937831885e-16
5161.34186352,53.47859459,2.43588049,0.21032766,3.59426194,4.29709882,4.29709882,10.0,1.0,Synthetic2,4.0,0.0039680176,4.4516916,4.472753240261227,4.394116883169353,4.087744490391461,2.257757320306464,1.0,7.241173937831885e-16
5161.59186352,52.61772463,2.45199016,0.20915979,3.59657097,4.29709882,4.29709882,10.0,1.0,Synthetic2,4.0,0.0039680176,4.4516916,4.472753240261227,4.394116883169353,4.087744490391461,2.257757320306464,1.0,7.241173937831885e-16
5161.84186352,51.87348206,2.46785799,0.20817543,3.599336,4.29709882,4.29709882,10.0,1.0,Synthetic2,4.0,0.0039680176,4.4516916,4.472753240261227,4.394116883169353,4.087744490391461,2.257757320306464,1.0,7.241173937831885e-16
5162.09186352,52.4607494,2.48096475,0.20928623,3.60730711,4.29709882,4.29709882,10.0,1.0,Synthetic2,4.0,0.0039680176,4.4516916,4.472753240261227,4.394116883169353,4.087744490391461,2.257757320306464,1.0,7.241173937831885e-16
5162.34186352,53.04801675,2.49407151,0.21039704,3.61527822,4.29709882,4.29709882,10.0,1.0,Synthetic2,4.0,0.0039680176,4.4516916,4.472753240261227,4.394116883169353,4.087744490391461,2.257757320306464,1.0,7.241173937831885e-16
5162.59186352,53.69410168,2.5076785,0.21127065,3.62701198,4.29709882,4.29709882,10.0,1.0,Synthetic2,4.0,0.0039680176,4.4516916,4.472753240261227,4.394116883169353,4.087744490391461,2.257757320306464,1.0,7.241173937831885e-16
5162.84186352,55.01169436,2.52699646,0.20943628,3.68170306,4.61402126,4.61402126,10.0,1.0,Synthetic2,4.0,0.0027888413,4.7946386,4.809271935373545,4.7440325183449765,4.231681311618931,2.817742940893518,1.0,1.062247233666384e-15
5163.09186352,56.32928704,2.54631442,0.20760191,3.73639413,5.83369251,5.83369251,10.0,1.0,Synthetic2,4.0,0.0005609958,6.0079355,6.011729669873603,5.97947515602241,3.051877684132567,2.498977204789464,1.0,9.195511381192352e-18
5163.34186352,57.6556245,2.56412001,0.20565809,3.79552489,6.73644132,6.73644132,10.0,1.0,Synthetic2,4.0,0.0,6.7560596,6.7576225501834415,6.7373723119765865,0.31442759132416126,0.013820234339791234,1.0,-6.369719067286714e-17
5163.59186352,59.0817993,2.56465928,0.20246455,3.90534248,6.73644132,6.73644132,10.0,1.0,Synthetic2,4.0,0.0,6.7560596,6.7576225501834415,6.7373723119765865,0.31442759132416126,0.013820234339791234,1.0,-6.369719067286714e-17
5163.84186352,60.50797409,2.56519855,0.19927102,4.01516007,6.73644132,6.73644132,10.0,1.0,Synthetic2,4.0,0.0,6.7560596,6.7576225501834415,6.7373723119765865,0.31442759132416126,0.013820234339791234,1.0,-6.369719067286714e-17
5164.09186352,61.84179153,2.56579407,0.19658294,4.11465572,6.73644132,6.73644132,10.0,1.0,Synthetic2,4.0,0.0,6.7560596,6.7576225501834415,6.7373723119765865,0.31442759132416126,0.013820234339791234,1.0,-6.369719067286714e-17
5164.34186352,62.1211849,2.56703176,0.19966552,4.09630795,6.73644132,6.73644132,10.0,1.0,Synthetic2,4.0,0.0,6.7560596,6.7576225501834415,6.7373723119765865,0.31442759132416126,0.013820234339791234,1.0,-6.369719067286714e-17
5164.59186352,62.40057827,2.56826946,0.2027481,4.07796017,6.73644132,6.73644132,10.0,1.0,Synthetic2,4.0,0.0,6.7560596,6.7576225501834415,6.7373723119765865,0.31442759132416126,0.013820234339791234,1.0,-6.369719067286714e-17
5164.84186352,62.64823983,2.5690764,0.20546337,4.06156598,6.73644132,6.73644132,10.0,1.0,Synthetic2,4.0,0.0,6.7560596,6.7576225501834415,6.7373723119765865,0.31442759132416126,0.013820234339791234,1.0,-6.369719067286714e-17
5165.09186352,62.53362613,2.56496563,0.20398517,4.06747541,6.73644132,6.73644132,10.0,1.0,Synthetic2,4.0,0.0,6.7560596,6.7576225501834415,6.7373723119765865,0.31442759132416126,0.013820234339791234,1.0,-6.369719067286714e-17
5165.34186352,62.41901243,2.56085486,0.20250696,4.07338483,6.73644132,6.73644132,10.0,1.0,Synthetic2,4.0,0.0,6.7560596,6.7576225501834415,6.7373723119765865,0.31442759132416126,0.013820234339791234,1.0,-6.369719067286714e-17
5165.59186352,62.21071957,2.55773588,0.20106767,4.08064818,6.73644132,6.73644132,10.0,1.0,Synthetic2,4.0,0.0,6.7560596,6.7576225501834415,6.7373723119765865,0.31442759132416126,0.013820234339791234,1.0,-6.369719067286714e-17
5165.84186352,60.93291205,2.56593984,0.2000726,4.10336898,6.73644132,6.73644132,10.0,1.0,Synthetic2,4.0,0.0,6.7560596,6.7576225501834415,6.7373723119765865,0.31442759132416126,0.013820234339791234,1.0,-6.369719067286714e-17
5166.09186352,59.65510453,2.5741438,0.19907754,4.12608978,6.73644132,6.73644132,10.0,1.0,Synthetic2,4.0,0.0,6.7560596,6.7576225501834415,6.7373723119765865,0.31442759132416126,0.013820234339791234,1.0,-6.369719067286714e-17
5166.34186352,58.57191154,2.58183393,0.19829138,4.14803941,6.73644132,6.73644132,10.0,1.0,Synthetic2,4.0,0.0,6.7560596,6.7576225501834415,6.7373723119765865,0.31442759132416126,0.013820234339791234,1.0,-6.369719067286714e-17
5166.59186352,59.7105907,2.58365784,0.19989031,4.16118474,6.73644132,6.73644132,10.0,1.0,Synthetic2,4.0,0.0,6.7560596,6.7576225501834415,6.7373723119765865,0.31442759132416126,0.013820234339791234,1.0,-6.369719067286714e-17
5166.84186352,60.84926986,2.58548176,0.20148924,4.17433006,6.73644132,6.73644132,10.0,1.0,Synthetic2,4.0,0.0,6.7560596,6.7576225501834415,6.7373723119765865,0.31442759132416126,0.013820234339791234,1.0,-6.369719067286714e-17
5167.09186352,61.87417887,2.58656843,0.20262229,4.18648449,6.73644132,6.73644132,10.0,1.0,Synthetic2,4.0,0.0,6.7560596,6.7576225501834415,6.7373723119765865,0.31442759132416126,0.013820234339791234,1.0,-6.369719067286714e-17
5167.34186352,61.60019858,2.57923813,0.19843647,4.18732606,6.73644132,6.73644132,10.0,1.0,Synthetic2,4.0,0.0,6.7560596,6.7576225501834415,6.7373723119765865,0.31442759132416126,0.013820234339791234,1.0,-6.369719067286714e-17
5167.59186352,61.32621828,2.57190784,0.19425066,4.18816763,6.73644132,6.73644132,10.0,1.0,Synthetic2,4.0,0.0,6.7560596,6.7576225501834415,6.7373723119765865,0.31442759132416126,0.013820234339791234,1.0,-6.369719067286714e-17
5167.84186352,61.09061248,2.56618571,0.1905815,4.1879232,6.73644132,6.73644132,10.0,1.0,Synthetic2,4.0,0.0,6.7560596,6.7576225501834415,6.7373723119765865,0.31442759132416126,0.013820234339791234,1.0,-6.369719067286714e-17
5168.09186352,61.29312001,2.57882368,0.19281088,4.17528021,6.73644132,6.73644132,10.0,1.0,Synthetic2,4.0,0.0,6.7560596,6.7576225501834415,6.7373723119765865,0.31442759132416126,0.013820234339791234,1.0,-6.369719067286714e-17
5168.34186352,61.49562754,2.59146165,0.19504027,4.16263722,6.73644132,6.73644132,10.0,1.0,Synthetic2,4.0,0.0,6.7560596,6.7576225501834415,6.7373723119765865,0.31442759132416126,0.013820234339791234,1.0,-6.369719067286714e-17
5168.59186352,61.77125187,2.6039214,0.19723749,4.15776222,6.73644132,6.73644132,10.0,1.0,Synthetic2,4.0,0.0,6.7560596,6.7576225501834415,6.7373723119765865,0.31442759132416126,0.013820234339791234,1.0,-6.369719067286714e-17
5168.84186352,62.88163503,2.61434638,0.19906744,4.24157282,6.73146825,6.73146825,10.0,1.0,Synthetic2,4.0,1.948443e-06,6.752335,6.753905188932549,6.733607423461435,0.3333141908906633,0.031778705358004276,1.0,3.673897009295564e-12
5169.09186352,63.99201818,2.62477137,0.20089739,4.32538342,6.71232948,6.71232948,10.0,1.0,Synthetic2,4.0,9.53206e-06,6.737959,6.739556602202356,6.719074032648015,0.405628512180181,0.10048005939086839,1.0,-4.326476908465229e-11
5169.34186352,65.04379334,2.63475728,0.2026891,4.4113677,6.69816377,6.69816377,10.0,1.0,Synthetic2,4.0,1.5233267e-05,6.727276,6.7288944569882005,6.708273595565431,0.4587927086202119,0.15093428456782945,1.0,-1.4428506037554852e-15
5169.59186352,65.42645367,2.63973036,0.20404419,4.52216835,6.69816377,6.69816377,10.0,1.0,Synthetic2,4.0,1.5233267e-05,6.727276,6.7288944569882005,6.708273595565431,0.4587927086202119,0.15093428456782945,1.0,-1.4428506037554852e-15
5169.84186352,65.809114,2.64470344,0.20539928,4.632969,6.69816377,6.69816377,10.0,1.0,Synthetic2,4.0,1.5233267e-05,6.727276,6.7288944569882005,6.708273595565431,0.4587927086202119,0.15093428456782945,1.0,-1.4428506037554852e-15
5170.09186352,66.25441278,2.6485077,0.2065753,4.73616987,6.69816377,6.69816377,10.0,1.0,Synthetic2,4.0,1.5233267e-05,6.727276,6.7288944569882005,6.708273595565431,0.4587927086202119,0.15093428456782945,1.0,-1.4428506037554852e-15
5170.34186352,67.41484123,2.6389678,0.20570691,4.75260565,6.69816377,6.69816377,10.0,1.0,Synthetic2,4.0,1.5233267e-05,6.727276,6.7288944569882005,6.708273595565431,0.4587927086202119,0.15093428456782945,1.0,-1.4428506037554852e-15
5170.59186352,68.57526968,2.62942789,0.20483852,4.76904142,6.69816377,6.69816377,10.0,1.0,Synthetic2,4.0,1.5233267e-05,6.727276,6.7288944569882005,6.708273595565431,0.4587927086202119,0.15093428456782945,1.0,-1.4428506037554852e-15
5170.84186352,69.59081753,2.62014727,0.20417211,4.78243711,6.69816377,6.69816377,10.0,1.0,Synthetic2,4.0,1.5233267e-05,6.727276,6.7288944569882005,6.708273595565431,0.4587927086202119,0.15093428456782945,1.0,-1.4428506037554852e-15
5171.09186352,68.95229484,2.61382692,0.20581173,4.76112486,6.69816377,6.69816377,10.0,1.0,Synthetic2,4.0,1.5233267e-05,6.727276,6.7288944569882005,6.708273595565431,0.4587927086202119,0.15093428456782945,1.0,-1.4428506037554852e-15
5171.34186352,68.31377215,2.60750657,0.20745134,4.73981261,6.69816377,6.69816377,10.0,1.0,Synthetic2,4.0,1.5233267e-05,6.727276,6.7288944569882005,6.708273595565431,0.4587927086202119,0.15093428456782945,1.0,-1.4428506037554852e-15
5171.59186352,67.73318551,2.60280071,0.20872565,4.71878927,6.69816377,6.69816377,10.0,1.0,Synthetic2,4.0,1.5233267e-05,6.727276,6.7288944569882005,6.708273595565431,0.4587927086202119,0.15093428456782945,1.0,-1.4428506037554852e-15
5171.84186352,67.81404234,2.61652725,0.20582937,4.70106437,6.69816377,6.69816377,10.0,1.0,Synthetic2,4.0,1.5233267e-05,6.727276,6.7288944569882005,6.708273595565431,0.4587927086202119,0.15093428456782945,1.0,-1.4428506037554852e-15
5172.09186352,67.89489917,2.63025379,0.20293308,4.68333947,6.69816377,6.69816377,10.0,1.0,Synthetic2,4.0,1.5233267e-05,6.727276,6.7288944569882005,6.708273595565431,0.4587927086202119,0.15093428456782945,1.0,-1.4428506037554852e-15
5172.34186352,67.98754371,2.64357734,0.20039586,4.66904506,6.69816377,6.69816377,10.0,1.0,Synthetic2,4.0,1.5233267e-05,6.727276,6.7288944569882005,6.708273595565431,0.4587927086202119,0.15093428456782945,1.0,-1.4428506037554852e-15
5172.59186352,68.214766,2.65230011,0.201958,4.69391574,6.69816377,6.69816377,10.0,1.0,Synthetic2,4.0,1.5233267e-05,6.727276,6.7288944569882005,6.708273595565431,0.4587927086202119,0.15093428456782945,1.0,-1.4428506037554852e-15
5172.84186352,68.44198829,2.66102288,0.20352013,4.71878643,6.69816377,6.69816377,10.0,1.0,Synthetic2,4.0,1.5233267e-05,6.727276,6.7288944569882005,6.708273595565431,0.4587927086202119,0.15093428456782945,1.0,-1.4428506037554852e-15
5173.09186352,68.73901284,2.66758659,0.20492331,4.7417003,6.69816377,6.69816377,10.0,1.0,Synthetic2,4.0,1.5233267e-05,6.727276,6.7288944569882005,6.708273595565431,0.4587927086202119,0.15093428456782945,1.0,-1.4428506037554852e-15
5173.34186352,69.83295473,2.64950081,0.20451173,4.74227372,6.69816377,6.69816377,10.0,1.0,Synthetic2,4.0,1.5233267e-05,6.727276,6.7288944569882005,6.708273595565431,0.4587927086202119,0.15093428456782945,1.0,-1.4428506037554852e-15
5173.59186352,70.92689662,2.63141504,0.20410015,4.74284714,6.69816377,6.69816377,10.0,1.0,Synthetic2,4.0,1.5233267e-05,6.727276,6.7288944569882005,6.708273595565431,0.4587927086202119,0.15093428456782945,1.0,-1.4428506037554852e-15
5173.84186352,71.99399821,2.61534653,0.20349312,4.74682228,6.69816377,6.69816377,10.0,1.0,Synthetic2,4.0,1.5233267e-05,6.727276,6.7288944569882005,6.708273595565431,0.4587927086202119,0.15093428456782945,1.0,-1.4428506037554852e-15
5174.09186352,72.75466983,2.62230868,0.2006546,4.78963414,6.69816377,6.69816377,10.0,1.0,Synthetic2,4.0,1.5233267e-05,6.727276,6.7288944569882005,6.708273595565431,0.4587927086202119,0.15093428456782945,1.0,-1.4428506037554852e-15
5174.34186352,73.51534145,2.62927084,0.19781608,4.83244599,6.49864251,6.49864251,10.0,1.0,Synthetic2,4.0,0.00010413469,6.573003,6.57495195500087,6.552230778626547,1.1742366945626943,0.8246071167030112,1.0,2.586738542894771e-13
5174.59186352,74.18422014,2.63968573,0.19503389,4.87748252,5.73078792,5.73078792,10.0,1.0,Synthetic2,4.0,0.00066242926,5.9137354,5.917965213768184,5.883808052034137,3.266170313421477,2.6701412470719577,1.0,-1.1368642732438908e-15
5174.84186352,73.80511882,2.68951975,0.19289487,4.94791769,5.1624546,5.1624546,10.0,1.0,Synthetic2,4.0,0.0014551372,5.3643517,5.372219298966229,5.324908539009254,4.063274454098419,3.146835209151353,1.0,1.805700423558894e-16
5175.09186352,73.4260175,2.73935376,0.19075585,5.01835286,5.1624546,5.1624546,10.0,1.0,Synthetic2,4.0,0.0014551372,5.3643517,5.372219298966229,5.324908539009254,4.063274454098419,3.146835209151353,1.0,1.805700423558894e-16
5175.34186352,73.11445216,2.78501759,0.18858694,5.08063336,5.1624546,5.1624546,10.0,1.0,Synthetic2,4.0,0.0014551372,5.3643517,5.372219298966229,5.324908539009254,4.063274454098419,3.146835209151353,1.0,1.805700423558894e-16
5175.59186352,73.57393052,2.78307132,0.1860768,5.04981379,5.1624546,5.1624546,10.0,1.0,Synthetic2,4.0,0.0014551372,5.3643517,5.372219298966229,5.324908539009254,4.063274454098419,3.146835209151353,1.0,1.805700423558894e-16
5175.84186352,74.03340889,2.78112504,0.18356665,5.01899421,5.1624546,5.1624546,10.0,1.0,Synthetic2,4.0,0.0014551372,5.3643517,5.372219298966229,5.324908539009254,4.063274454098419,3.146835209151353,1.0,1.805700423558894e-16
5176.09186352,74.51486747,2.77992259,0.18130605,4.99280454,5.1624546,5.1624546,10.0,1.0,Synthetic2,4.0,0.0014551372,5.3643517,5.372219298966229,5.324908539009254,4.063274454098419,3.146835209151353,1.0,1.805700423558894e-16
5176.34186352,75.2472694,2.78721218,0.18189452,5.01947344,5.1624546,5.1624546,10.0,1.0,Synthetic2,4.0,0.0014551372,5.3643517,5.372219298966229,5.324908539009254,4.063274454098419,3.146835209151353,1.0,1.805700423558894e-16
5176.59186352,75.97967133,2.79450177,0.18248298,5.04614234,5.1624546,5.1624546,10.0,1.0,Synthetic2,4.0,0.0014551372,5.3643517,5.372219298966229,5.324908539009254,4.063274454098419,3.146835209151353,1.0,1.805700423558894e-16
5176.84186352,76.5295745,2.8012382,0.18297309,5.07285785,5.1624546,5.1624546,10.0,1.0,Synthetic2,4.0,0.0014551372,5.3643517,5.372219298966229,5.324908539009254,4.063274454098419,3.146835209151353,1.0,1.805700423558894e-16
5177.09186352,74.99592867,2.80165921,0.18234028,5.10010554,5.1624546,5.1624546,10.0,1.0,Synthetic2,4.0,0.0014551372,5.3643517,5.372219298966229,5.324908539009254,4.063274454098419,3.146835209151353,1.0,1.805700423558894e-16
5177.34186352,73.46228284,2.80208023,0.18170748,5.12735323,5.1624546,5.1624546,10.0,1.0,Synthetic2,4.0,0.0014551372,5.3643517,5.372219298966229,5.324908539009254,4.063274454098419,3.146835209151353,1.0,1.805700423558894e-16
5177.59186352,72.18602267,2.80107454,0.18105417,5.15257981,5.1624546,5.1624546,10.0,1.0,Synthetic2,4.0,0.0014551372,5.3643517,5.372219298966229,5.324908539009254,4.063274454098419,3.146835209151353,1.0,1.805700423558894e-16
5177.84186352,73.84827918,2.7837805,0.18016671,5.15473181,5.1624546,5.1624546,10.0,1.0,Synthetic2,4.0,0.0014551372,5.3643517,5.372219298966229,5.324908539009254,4.063274454098419,3.146835209151353,1.0,1.805700423558894e-16
5178.09186352,75.51053569,2.76648646,0.17927925,5.1568838,5.1624546,5.1624546,10.0,1.0,Synthetic2,4.0,0.0014551372,5.3643517,5.372219298966229,5.324908539009254,4.063274454098419,3.146835209151353,1.0,1.805700423558894e-16
5178.34186352,76.97580964,2.75078777,0.17869936,5.1574289,5.1624546,5.1624546,10.0,1.0,Synthetic2,4.0,0.0014551372,5.3643517,5.372219298966229,5.324908539009254,4.063274454098419,3.146835209151353,1.0,1.805700423558894e-16
5178.59186352,76.19217618,2.75330291,0.18163095,5.13962844,5.1624546,5.1624546,10.0,1.0,Synthetic2,4.0,0.0014551372,5.3643517,5.372219298966229,5.324908539009254,4.063274454098419,3.146835209151353,1.0,1.805700423558894e-16
5178.84186352,75.40854272,2.75581804,0.18456254,5.12182798,5.1624546,5.1624546,10.0,1.0,Synthetic2,4.0,0.0014551372,5.3643517,5.372219298966229,5.324908539009254,4.063274454098419,3.146835209151353,1.0,1.805700423558894e-16
5179.09186352,74.64785284,2.75513917,0.18757593,5.08692021,5.1624546,5.1624546,10.0,1.0,Synthetic2,4.0,0.0014551372,5.3643517,5.372219298966229,5.324908539009254,4.063274454098419,3.146835209151353,1.0,1.805700423558894e-16
5179.34186352,74.14910488,2.71799501,0.19152328,4.85670204,5.1624546,5.1624546,10.0,1.0,Synthetic2,4.0,0.0014551372,5.3643517,5.372219298966229,5.324908539009254,4.063274454098419,3.146835209151353,1.0,1.805700423558894e-16
5179.59186352,73.65035692,2.68085084,0.19547062,4.62648386,5.1624546,5.1624546,10.0,1.0,Synthetic2,4.0,0.0014551372,5.3643517,5.372219298966229,5.324908539009254,4.063274454098419,3.146835209151353,1.0,1.805700423558894e-16
5179.84186352,72.63960682,2.64135782,0.19957859,4.39340256,4.96664276,4.8281399,10.0,1.0,Synthetic2,4.0,0.0022239608,5.0870576,5.098550777882338,5.038880197103066,2.655878915727322,4.36483410729391,1.0,0.00575336546903664
5180.09186352,65.78343857,2.57504845,0.20552039,4.12763353,4.21306382,3.54153477,10.0,1.0,Synthetic2,4.0,0.011511909,3.8788602,3.94066415540874,3.7692972030682057,6.465595496041175,6.4311787928092405,1.0,0.0405908381720223
5180.34186352,58.92727032,2.50873908,0.21146218,3.8618645,3.65529673,2.58924434,10.0,1.0,Synthetic2,4.0,0.04106424,2.846453,3.095248743891716,2.6746885032182197,15.32154644277768,3.299965240755134,1.0,0.08695652115687792
5180.59186352,52.56921426,2.44681924,0.21743637,3.61544102,3.65529673,2.58924434,10.0,1.0,Synthetic2,4.0,0.04106424,2.846453,3.095248743891716,2.6746885032182197,15.32154644277768,3.299965240755134,1.0,0.08695652115687792
5180.84186352,51.8979978,2.43501367,0.22378038,3.58988162,3.65529673,2.58924434,10.0,1.0,Synthetic2,4.0,0.04106424,2.846453,3.095248743891716,2.6746885032182197,15.32154644277768,3.299965240755134,1.0,0.08695652115687792
5181.09186352,51.22678134,2.42320811,0.23012439,3.56432222,3.65529673,2.58924434,10.0,1.0,Synthetic2,4.0,0.04106424,2.846453,3.095248743891716,2.6746885032182197,15.32154644277768,3.299965240755134,1.0,0.08695652115687792
5181.34186352,50.69922991,2.4117007,0.23608279,3.54205884,3.65529673,2.58924434,10.0,1.0,Synthetic2,4.0,0.04106424,2.846453,3.095248743891716,2.6746885032182197,15.32154644277768,3.299965240755134,1.0,0.08695652115687792
5181.59186352,51.81187111,2.40359729,0.23763875,3.55742543,3.65529673,2.58924434,10.0,1.0,Synthetic2,4.0,0.04106424,2.846453,3.095248743891716,2.6746885032182197,15.32154644277768,3.299965240755134,1.0,0.08695652115687792
5181.84186352,52.92451232,2.39549387,0.23919471,3.57279202,3.65529673,2.58924434,10.0,1.0,Synthetic2,4.0,0.04106424,2.846453,3.095248743891716,2.6746885032182197,15.32154644277768,3.299965240755134,1.0,0.08695652115687792
5182.09186352,53.90014442,2.38676901,0.24058981,3.58853593,3.65529673,2.58924434,10.0,1.0,Synthetic2,4.0,0.04106424,2.846453,3.095248743891716,2.6746885032182197,15.32154644277768,3.299965240755134,1.0,0.08695652115687792
5182.34186352,53.31157311,2.37094931,0.24014842,3.60858761,3.65529673,2.58924434,10.0,1.0,Synthetic2,4.0,0.04106424,2.846453,3.095248743891716,2.6746885032182197,15.32154644277768,3.299965240755134,1.0,0.08695652115687792
5182.59186352,52.7230018,2.3551296,0.23970703,3.62863929,3.65529673,2.58924434,10.0,1.0,Synthetic2,4.0,0.04106424,2.846453,3.095248743891716,2.6746885032182197,15.32154644277768,3.299965240755134,1.0,0.08695652115687792
5182.84186352,52.23070544,2.34296252,0.23924783,3.65246028,3.65529673,2.58924434,10.0,1.0,Synthetic2,4.0,0.04106424,2.846453,3.095248743891716,2.6746885032182197,15.32154644277768,3.299965240755134,1.0,0.08695652115687792
5183.09186352,52.83755949,2.37249675,0.23858541,3.7193148,3.65529673,2.58924434,10.0,1.0,Synthetic2,4.0,0.04106424,2.846453,3.095248743891716,2.6746885032182197,15.32154644277768,3.299965240755134,1.0,0.08695652115687792
5183.34186352,53.44441354,2.40203098,0.237923,3.78616931,3.65529673,2.58924434,10.0,1.0,Synthetic2,4.0,0.04106424,2.846453,3.095248743891716,2.6746885032182197,15.32154644277768,3.299965240755134,1.0,0.08695652115687792
5183.59186352,54.22060805,2.43030282,0.23751975,3.85736587,3.65529673,2.58924434,10.0,1.0,Synthetic2,4.0,0.04106424,2.846453,3.095248743891716,2.6746885032182197,15.32154644277768,3.299965240755134,1.0,0.08695652115687792
5183.84186352,56.93012614,2.44416214,0.2400754,3.97813456,3.94531514,2.54942277,10.0,1.0,Synthetic2,4.0,0.0529118,3.007212,3.3196121901273727,2.759741933647912,15.859390889434177,8.249677775016963,1.0,0.11284238475690204
5184.09186352,59.63964424,2.45802146,0.24263105,4.09890325,5.06144666,2.39617005,10.0,1.0,Synthetic2,4.0,0.14448476,4.013362,4.738689810037613,2.9399932016708696,6.376770746456642,22.695515774052424,1.0,0.2070997490680192
5184.34186352,62.22361523,2.47071483,0.2449236,4.21205632,5.88755976,2.2827389,10.0,1.0,Synthetic2,4.0,0.23981136,4.7033377,5.766780346632004,2.6975773287438503,2.0514341814170645,18.172837407898477,1.0,0.27083333225966044
5184.59186352,63.37424205,2.47009683,0.24421245,4.23826356,5.88755976,2.2827389,10.0,1.0,Synthetic2,4.0,0.23981136,4.7033377,5.766780346632004,2.6975773287438503,2.0514341814170645,18.172837407898477,1.0,0.27083333225966044
5184.84186352,64.52486887,2.46947884,0.24350131,4.26447079,5.88755976,2.2827389,10.0,1.0,Synthetic2,4.0,0.23981136,4.7033377,5.766780346632004,2.6975773287438503,2.0514341814170645,18.172837407898477,1.0,0.27083333225966044
5185.09186352,65.55747667,2.46801718,0.24259125,4.28758789,5.88755976,2.2827389,10.0,1.0,Synthetic2,4.0,0.23981136,4.7033377,5.766780346632004,2.6975773287438503,2.0514341814170645,18.172837407898477,1.0,0.27083333225966044
5185.34186352,65.24268683,2.45692363,0.23941015,4.27542556,5.88755976,2.2827389,10.0,1.0,Synthetic2,4.0,0.23981136,4.7033377,5.766780346632004,2.6975773287438503,2.0514341814170645,18.172837407898477,1.0,0.27083333225966044
5185.59186352,64.92789699,2.44583009,0.23622906,4.26326322,5.88755976,2.2827389,10.0,1.0,Synthetic2,4.0,0.23981136,4.7033377,5.766780346632004,2.6975773287438503,2.0514341814170645,18.172837407898477,1.0,0.27083333225966044
5185.84186352,64.62137992,2.4384927,0.23309282,4.25915033,5.88755976,2.2827389,10.0,1.0,Synthetic2,4.0,0.23981136,4.7033377,5.766780346632004,2.6975773287438503,2.0514341814170645,18.172837407898477,1.0,0.27083333225966044
5186.09186352,64.40931127,2.47403863,0.2304686,4.34693625,5.88755976,2.2827389,10.0,1.0,Synthetic2,4.0,0.23981136,4.7033377,5.766780346632004,2.6975773287438503,2.0514341814170645,18.172837407898477,1.0,0.27083333225966044
5186.34186352,64.19724263,2.50958455,0.22784438,4.43472216,6.20575319,2.47362326,10.0,1.0,Synthetic2,4.0,0.2284547,5.2095942,6.125954687595367,2.885791709566185,1.2858794083725529,16.66253937012967,1.0,0.252460658564262
5186.59186352,64.20676086,2.54489661,0.22533712,4.52599277,7.43031583,3.20823885,10.0,1.0,Synthetic2,4.0,0.19823341,6.985633,7.486166954040527,3.5034824113565706,0.7516655458308793,9.202667730196296,1.0,0.19332042568407293
5186.84186352,66.74608868,2.57753876,0.22416506,4.65704729,8.33668504,3.75197008,10.0,1.0,Synthetic2,4.0,0.1852006,8.070785,8.370129883289337,3.848484586948278,0.4011767642518061,2.572368779344797,1.0,0.16197183090554074
5187.09186352,69.2854165,2.61018091,0.222993,4.78810182,8.33668504,3.75197008,10.0,1.0,Synthetic2,4.0,0.1852006,8.070785,8.370129883289337,3.848484586948278,0.4011767642518061,2.572368779344797,1.0,0.16197183090554074
5187.34186352,71.7789073,2.64069143,0.22184474,4.91143157,8.33668504,3.75197008,10.0,1.0,Synthetic2,4.0,0.1852006,8.070785,8.370129883289337,3.848484586948278,0.4011767642518061,2.572368779344797,1.0,0.16197183090554074
5187.59186352,73.74908665,2.6468656,0.22096811,4.94656918,8.33668504,3.75197008,10.0,1.0,Synthetic2,4.0,0.1852006,8.070785,8.370129883289337,3.848484586948278,0.4011767642518061,2.572368779344797,1.0,0.16197183090554074
5187.84186352,75.719266,2.65303977,0.22009148,4.98170679,8.33668504,3.75197008,10.0,1.0,Synthetic2,4.0,0.1852006,8.070785,8.370129883289337,3.848484586948278,0.4011767642518061,2.572368779344797,1.0,0.16197183090554074
5188.09186352,77.41361147,2.65792225,0.21925001,5.01265918,8.33668504,3.75197008,10.0,1.0,Synthetic2,4.0,0.1852006,8.070785,8.370129883289337,3.848484586948278,0.4011767642518061,2.572368779344797,1.0,0.16197183090554074
5188.34186352,75.9588209,2.64805779,0.21880991,4.99582978,8.33668504,3.75197008,10.0,1.0,Synthetic2,4.0,0.1852006,8.070785,8.370129883289337,3.848484586948278,0.4011767642518061,2.572368779344797,1.0,0.16197183090554074
5188.59186352,74.50403034,2.63819333,0.21836981,4.97900038,8.33668504,3.75197008,10.0,1.0,Synthetic2,4.0,0.1852006,8.070785,8.370129883289337,3.848484586948278,0.4011767642518061,2.572368779344797,1.0,0.16197183090554074
5188.84186352,73.0888848,2.62913658,0.21802021,4.96270414,8.33668504,3.75197008,10.0,1.0,Synthetic2,4.0,0.1852006,8.070785,8.370129883289337,3.848484586948278,0.4011767642518061,2.572368779344797,1.0,0.16197183090554074
5189.09186352,72.12635801,2.6293012,0.21870378,4.95249483,8.33668504,3.75197008,10.0,1.0,Synthetic2,4.0,0.1852006,8.070785,8.370129883289337,3.848484586948278,0.4011767642518061,2.572368779344797,1.0,0.16197183090554074
5189.34186352,71.16383123,2.62946582,0.21938735,4.94228551,8.33668504,3.75197008,10.0,1.0,Synthetic2,4.0,0.1852006,8.070785,8.370129883289337,3.848484586948278,0.4011767642518061,2.572368779344797,1.0,0.16197183090554074
5189.59186352,70.41452619,2.62891518,0.22043881,4.94353254,8.33668504,3.75197008,10.0,1.0,Synthetic2,4.0,0.1852006,8.070785,8.370129883289337,3.848484586948278,0.4011767642518061,2.572368779344797,1.0,0.16197183090554074
5189.84186352,72.09952798,2.62019864,0.22569053,5.07557413,8.33668504,3.75197008,10.0,1.0,Synthetic2,4.0,0.1852006,8.070785,8.370129883289337,3.848484586948278,0.4011767642518061,2.572368779344797,1.0,0.16197183090554074
5190.09186352,73.78452977,2.61148209,0.23094224,5.20761573,8.33668504,3.75197008,10.0,1.0,Synthetic2,4.0,0.1852006,8.070785,8.370129883289337,3.848484586948278,0.4011767642518061,2.572368779344797,1.0,0.16197183090554074
5190.34186352,75.6304054,2.60396323,0.23652675,5.34230674,8.35019773,3.45971676,10.0,1.0,Synthetic2,4.0,0.23599021,7.836114,8.263664782047272,3.33350879546357,1.036298190183431,3.647927656841777,1.0,0.1870471336140628
5190.59186352,79.31294294,2.61011815,0.24591068,5.50724559,8.40220113,2.33498422,10.0,1.0,Synthetic2,4.0,0.5363262,6.085786,7.841036319732666,1.8550729765610008,6.678783351944515,20.553082942847432,1.0,0.3413037969649632
5190.84186352,82.99548049,2.61627306,0.25529461,5.67218444,8.44069183,1.50250501,10.0,1.0,Synthetic2,4.0,0.79595554,4.470743,8.149226665496826,1.351084602480465,3.453095674779235,10.07786373501243,1.0,0.6000000020101806
5191.09186352,86.45350257,2.62051609,0.26414339,5.82363371,8.44069183,1.50250501,10.0,1.0,Synthetic2,4.0,0.79595554,4.470743,8.149226665496826,1.351084602480465,3.453095674779235,10.07786373501243,1.0,0.6000000020101806
5191.34186352,87.34828009,2.60293162,0.26688238,5.82107533,8.44069183,1.50250501,10.0,1.0,Synthetic2,4.0,0.79595554,4.470743,8.149226665496826,1.351084602480465,3.453095674779235,10.07786373501243,1.0,0.6000000020101806
5191.59186352,88.24305761,2.58534715,0.26962138,5.81851695,8.44069183,1.50250501,10.0,1.0,Synthetic2,4.0,0.79595554,4.470743,8.149226665496826,1.351084602480465,3.453095674779235,10.07786373501243,1.0,0.6000000020101806
5191.84186352,89.02533727,2.56922851,0.27219979,5.81483056,8.44069183,1.50250501,10.0,1.0,Synthetic2,4.0,0.79595554,4.470743,8.149226665496826,1.351084602480465,3.453095674779235,10.07786373501243,1.0,0.6000000020101806
5192.09186352,88.52325298,2.56984487,0.27294483,5.79826593,8.44069183,1.50250501,10.0,1.0,Synthetic2,4.0,0.79595554,4.470743,8.149226665496826,1.351084602480465,3.453095674779235,10.07786373501243,1.0,0.6000000020101806
5192.34186352,88.0211687,2.57046124,0.27368987,5.7817013,8.44069183,1.50250501,10.0,1.0,Synthetic2,4.0,0.79595554,4.470743,8.149226665496826,1.351084602480465,3.453095674779235,10.07786373501243,1.0,0.6000000020101806
5192.59186352,87.57198742,2.57069865,0.27408181,5.76667901,8.44069183,1.50250501,10.0,1.0,Synthetic2,4.0,0.79595554,4.470743,8.149226665496826,1.351084602480465,3.453095674779235,10.07786373501243,1.0,0.6000000020101806
5192.84186352,87.7267883,2.56660972,0.27044261,5.76926536,8.44069183,1.50250501,10.0,1.0,Synthetic2,4.0,0.79595554,4.470743,8.149226665496826,1.351084602480465,3.453095674779235,10.07786373501243,1.0,0.6000000020101806
5193.09186352,87.88158918,2.56252078,0.26680341,5.77185171,8.44069183,1.50250501,10.0,1.0,Synthetic2,4.0,0.79595554,4.470743,8.149226665496826,1.351084602480465,3.453095674779235,10.07786373501243,1.0,0.6000000020101806
5193.34186352,88.01828986,2.55972296,0.26160409,5.7742802,8.44069183,1.50250501,10.0,1.0,Synthetic2,4.0,0.79595554,4.470743,8.149226665496826,1.351084602480465,3.453095674779235,10.07786373501243,1.0,0.6000000020101806
5193.59186352,87.94834431,2.57166551,0.2385932,5.77490656,8.44069183,1.50250501,10.0,1.0,Synthetic2,4.0,0.79595554,4.470743,8.149226665496826,1.351084602480465,3.453095674779235,10.07786373501243,1.0,0.6000000020101806
5193.84186352,87.87839877,2.58360807,0.2155823,5.77553292,8.44069183,1.50250501,10.0,1.0,Synthetic2,4.0,0.79595554,4.470743,8.149226665496826,1.351084602480465,3.453095674779235,10.07786373501243,1.0,0.6000000020101806
5194.09186352,87.64934573,2.59461475,0.19139388,5.76485824,8.44069183,1.50250501,10.0,1.0,Synthetic2,4.0,0.79595554,4.470743,8.149226665496826,1.351084602480465,3.453095674779235,10.07786373501243,1.0,0.6000000020101806
5194.34186352,85.6037967,2.59493672,0.15376177,5.62516204,8.44069183,1.50250501,10.0,1.0,Synthetic2,4.0,0.79595554,4.470743,8.149226665496826,1.351084602480465,3.453095674779235,10.07786373501243,1.0,0.6000000020101806
5194.59186352,83.55824766,2.59525868,0.11612966,5.48546584,8.44069183,1.50250501,10.0,1.0,Synthetic2,4.0,0.79595554,4.470743,8.149226665496826,1.351084602480465,3.453095674779235,10.07786373501243,1.0,0.6000000020101806
5194.84186352,80.46232891,2.5964457,0.0797847,5.3063788,8.44069183,1.50250501,10.0,1.0,Synthetic2,4.0,0.79595554,4.470743,8.149226665496826,1.351084602480465,3.453095674779235,10.07786373501243,1.0,0.6000000020101806
